invoice_id,client_id,client_industry,invoice_amount,payment_terms_days,invoice_day_of_week,invoice_day_of_month,invoice_month,days_since_invoice_sent,client_avg_days_to_pay,client_late_payment_rate,client_total_invoices_before_this,amount_vs_client_avg,is_repeat_client,payment_status
INV-10001,CL-1000,Design,28600.0,30,2,7,11,34,23.0,0.05,0,1.19,False,on_time
INV-10002,CL-1001,Development,150500.0,45,5,3,10,81,14.4,0.05,0,1.25,False,late
INV-10003,CL-1002,Marketing,51600.0,45,1,6,8,48,17.9,0.05,0,0.92,False,on_time
INV-10004,CL-1003,Consulting,180800.0,45,5,18,4,87,17.1,0.05,0,1.74,False,late
INV-10005,CL-1004,Photography,33900.0,15,1,27,1,40,56.0,0.167,0,0.85,False,late
INV-10006,CL-1005,Copywriting,34000.0,15,1,19,12,40,23.5,0.05,0,0.85,False,late
INV-10007,CL-1006,Design,95800.0,30,3,21,8,18,58.4,0.333,0,1.09,False,on_time
INV-10008,CL-1007,Development,61200.0,15,5,18,9,33,33.0,0.167,0,0.55,False,on_time
INV-10009,CL-1008,Marketing,145900.0,30,4,13,6,28,19.9,0.05,0,0.7,False,on_time
INV-10010,CL-1009,Consulting,46600.0,15,4,16,2,6,14.4,0.05,0,0.73,False,on_time
INV-10011,CL-1010,Photography,106900.0,15,5,6,11,54,48.3,0.9,0,1.67,False,late
INV-10012,CL-1011,Copywriting,73700.0,30,3,20,8,67,21.1,0.05,0,1.02,False,very_late
INV-10013,CL-1012,Design,52900.0,45,6,1,11,14,14.4,0.05,0,0.83,False,on_time
INV-10014,CL-1013,Development,16000.0,45,6,9,11,43,67.0,0.9,0,0.67,False,very_late
INV-10015,CL-1014,Marketing,129700.0,30,1,15,1,33,23.1,0.05,0,0.81,False,on_time
INV-10016,CL-1015,Consulting,71300.0,15,4,4,11,38,21.6,0.05,0,0.81,False,late
INV-10017,CL-1016,Photography,79600.0,45,4,7,3,47,17.1,0.05,0,0.99,False,on_time
INV-10018,CL-1017,Copywriting,32000.0,45,6,17,1,76,22.2,0.05,0,1.33,False,late
INV-10019,CL-1018,Design,172100.0,15,0,12,5,30,25.3,0.05,0,1.08,False,on_time
INV-10020,CL-1019,Development,15100.0,45,0,3,12,62,45.1,0.9,0,0.63,False,late
INV-10021,CL-1020,Marketing,372900.0,45,6,5,3,84,25.3,0.05,0,1.29,False,very_late
INV-10022,CL-1021,Consulting,92200.0,45,1,9,9,77,55.5,0.5,0,0.96,False,very_late
INV-10023,CL-1022,Photography,14300.0,15,4,25,12,88,18.8,0.05,0,0.6,False,very_late
INV-10024,CL-1023,Copywriting,74900.0,30,3,22,11,47,16.2,0.05,0,0.85,False,on_time
INV-10025,CL-1024,Design,252600.0,45,3,4,4,28,27.4,0.05,0,1.13,False,on_time
INV-10026,CL-1025,Development,161300.0,15,4,18,4,75,18.7,0.05,0,1.12,False,very_late
INV-10027,CL-1026,Marketing,132600.0,15,5,21,1,29,15.3,0.05,0,0.79,False,late
INV-10028,CL-1027,Consulting,23000.0,15,6,11,2,65,46.5,0.833,0,1.44,False,very_late
INV-10029,CL-1028,Photography,178900.0,45,3,7,9,16,25.9,0.05,0,0.75,False,on_time
INV-10030,CL-1029,Copywriting,179700.0,45,4,16,4,60,22.5,0.05,0,1.12,False,on_time
INV-10031,CL-1030,Design,296000.0,15,0,4,11,55,25.3,0.05,0,0.85,False,very_late
INV-10032,CL-1031,Development,92300.0,30,3,28,12,6,24.2,0.05,0,0.68,False,on_time
INV-10033,CL-1032,Marketing,31900.0,45,0,2,7,43,53.0,0.167,0,1.33,False,on_time
INV-10034,CL-1033,Consulting,341300.0,15,1,7,4,68,27.6,0.05,0,0.98,False,very_late
INV-10035,CL-1034,Photography,163400.0,30,1,9,8,31,19.3,0.05,0,1.13,False,on_time
INV-10036,CL-1035,Copywriting,245100.0,15,3,26,9,12,21.7,0.05,0,1.13,False,very_late
INV-10037,CL-1036,Design,345600.0,45,6,1,2,30,25.6,0.05,0,0.99,False,late
INV-10038,CL-1037,Development,57600.0,30,3,7,7,7,22.7,0.05,0,0.4,False,on_time
INV-10039,CL-1038,Marketing,230900.0,15,3,9,8,36,26.1,0.05,0,1.03,False,late
INV-10040,CL-1039,Consulting,41300.0,45,6,18,11,62,38.9,0.167,0,1.03,False,on_time
INV-10041,CL-1040,Photography,44400.0,30,1,2,10,69,23.9,0.05,0,0.93,False,very_late
INV-10042,CL-1041,Copywriting,308600.0,30,0,2,10,61,45.7,0.167,0,1.68,False,late
INV-10043,CL-1042,Design,96500.0,45,1,2,9,10,34.7,0.167,0,0.75,False,on_time
INV-10044,CL-1043,Development,187400.0,15,4,3,11,30,18.1,0.05,0,1.38,False,on_time
INV-10045,CL-1044,Marketing,132900.0,45,1,19,10,5,46.2,0.167,0,0.83,False,on_time
INV-10046,CL-1045,Consulting,74500.0,30,5,19,10,66,17.3,0.05,0,1.03,False,very_late
INV-10047,CL-1046,Photography,18800.0,30,1,22,12,40,63.5,0.833,0,0.78,False,very_late
INV-10048,CL-1047,Copywriting,104600.0,30,1,22,11,38,17.9,0.05,0,0.87,False,on_time
INV-10049,CL-1048,Design,257300.0,15,0,15,10,72,22.9,0.05,0,1.11,False,very_late
INV-10050,CL-1049,Development,350600.0,15,4,7,9,33,19.1,0.05,0,1.0,False,on_time
INV-10051,CL-1000,Design,14600.0,30,0,8,6,36,23.0,0.05,1,0.61,True,on_time
INV-10052,CL-1001,Development,106400.0,45,5,10,10,83,14.4,0.05,1,0.89,True,very_late
INV-10053,CL-1002,Marketing,52900.0,45,6,18,5,84,17.9,0.05,1,0.94,True,very_late
INV-10054,CL-1003,Consulting,201300.0,15,2,4,2,70,17.1,0.05,1,1.94,True,late
INV-10055,CL-1004,Photography,43800.0,30,4,7,12,43,56.0,0.167,1,1.09,True,on_time
INV-10056,CL-1005,Copywriting,20400.0,45,6,9,9,62,23.5,0.05,1,0.51,True,on_time
INV-10057,CL-1006,Design,89900.0,15,0,21,7,35,58.4,0.333,1,1.02,True,very_late
INV-10058,CL-1007,Development,104700.0,30,6,5,11,33,33.0,0.167,1,0.93,True,late
INV-10059,CL-1008,Marketing,205500.0,30,4,23,7,71,19.9,0.05,1,0.99,True,very_late
INV-10060,CL-1009,Consulting,95500.0,15,5,5,9,4,14.4,0.05,1,1.49,True,on_time
INV-10061,CL-1010,Photography,84400.0,45,4,5,7,16,48.3,0.9,1,1.32,True,very_late
INV-10062,CL-1011,Copywriting,117600.0,30,6,28,1,45,21.1,0.05,1,1.63,True,on_time
INV-10063,CL-1012,Design,78600.0,15,5,4,6,71,14.4,0.05,1,1.23,True,very_late
INV-10064,CL-1013,Development,17000.0,30,4,24,3,30,67.0,0.9,1,0.71,True,on_time
INV-10065,CL-1014,Marketing,165700.0,15,3,1,3,42,23.1,0.05,1,1.04,True,late
INV-10066,CL-1015,Consulting,51100.0,30,6,22,12,31,21.6,0.05,1,0.58,True,on_time
INV-10067,CL-1016,Photography,55200.0,45,0,13,1,60,17.1,0.05,1,0.69,True,on_time
INV-10068,CL-1017,Copywriting,17400.0,30,2,10,4,28,22.2,0.05,1,0.72,True,very_late
INV-10069,CL-1018,Design,121600.0,15,3,11,5,8,25.3,0.05,1,0.76,True,on_time
INV-10070,CL-1019,Development,31900.0,30,2,21,9,51,45.1,0.9,1,1.33,True,late
INV-10071,CL-1020,Marketing,311900.0,45,2,1,2,33,25.3,0.05,1,1.08,True,on_time
INV-10072,CL-1021,Consulting,54700.0,30,0,4,10,55,55.5,0.5,1,0.57,True,very_late
INV-10073,CL-1022,Photography,26300.0,30,3,20,9,14,18.8,0.05,1,1.1,True,on_time
INV-10074,CL-1023,Copywriting,57100.0,45,1,9,1,90,16.2,0.05,1,0.65,True,very_late
INV-10075,CL-1024,Design,268900.0,45,6,18,11,85,27.4,0.05,1,1.2,True,very_late
INV-10076,CL-1025,Development,157200.0,30,0,22,6,79,18.7,0.05,1,1.09,True,very_late
INV-10077,CL-1026,Marketing,132400.0,15,5,10,9,39,15.3,0.05,1,0.79,True,late
INV-10078,CL-1027,Consulting,17700.0,30,3,23,5,70,46.5,0.833,1,1.11,True,very_late
INV-10079,CL-1028,Photography,461100.0,30,5,13,11,22,25.9,0.05,1,1.92,True,on_time
INV-10080,CL-1029,Copywriting,105400.0,30,3,18,1,38,22.5,0.05,1,0.66,True,on_time
INV-10081,CL-1030,Design,248800.0,30,6,19,10,83,25.3,0.05,1,0.71,True,very_late
INV-10082,CL-1031,Development,204000.0,30,3,22,4,65,24.2,0.05,1,1.5,True,late
INV-10083,CL-1032,Marketing,33600.0,45,1,22,2,36,53.0,0.167,1,1.4,True,on_time
INV-10084,CL-1033,Consulting,466700.0,45,4,11,2,30,27.6,0.05,1,1.33,True,on_time
INV-10085,CL-1034,Photography,132100.0,15,6,7,3,3,19.3,0.05,1,0.92,True,late
INV-10086,CL-1035,Copywriting,158200.0,30,4,28,2,58,21.7,0.05,1,0.73,True,late
INV-10087,CL-1036,Design,340700.0,45,4,7,12,89,25.6,0.05,1,0.97,True,very_late
INV-10088,CL-1037,Development,158600.0,30,1,5,11,88,22.7,0.05,1,1.1,True,very_late
INV-10089,CL-1038,Marketing,225000.0,15,6,14,4,22,26.1,0.05,1,1.0,True,on_time
INV-10090,CL-1039,Consulting,36500.0,45,4,15,1,71,38.9,0.167,1,0.91,True,late
INV-10091,CL-1040,Photography,59800.0,15,3,5,8,85,23.9,0.05,1,1.25,True,very_late
INV-10092,CL-1041,Copywriting,126500.0,45,4,11,8,78,45.7,0.167,1,0.69,True,late
INV-10093,CL-1042,Design,118400.0,45,3,27,9,57,34.7,0.167,1,0.93,True,on_time
INV-10094,CL-1043,Development,160500.0,45,6,16,8,33,18.1,0.05,1,1.18,True,on_time
INV-10095,CL-1044,Marketing,119000.0,45,2,25,9,62,46.2,0.167,1,0.74,True,on_time
INV-10096,CL-1045,Consulting,61600.0,30,3,3,12,36,17.3,0.05,1,0.86,True,on_time
INV-10097,CL-1046,Photography,25900.0,30,2,18,2,17,63.5,0.833,1,1.08,True,very_late
INV-10098,CL-1047,Copywriting,127500.0,30,5,5,12,27,17.9,0.05,1,1.06,True,late
INV-10099,CL-1048,Design,170300.0,30,2,18,8,53,22.9,0.05,1,0.73,True,late
INV-10100,CL-1049,Development,357200.0,30,3,25,10,89,19.1,0.05,1,1.02,True,very_late
INV-10101,CL-1000,Design,27200.0,45,3,16,1,45,23.0,0.05,2,1.13,True,on_time
INV-10102,CL-1001,Development,175300.0,30,6,27,7,68,14.4,0.05,2,1.46,True,very_late
INV-10103,CL-1002,Marketing,34600.0,45,6,20,4,62,17.9,0.05,2,0.62,True,on_time
INV-10104,CL-1003,Consulting,124500.0,30,3,1,7,43,17.1,0.05,2,1.2,True,on_time
INV-10105,CL-1004,Photography,47900.0,30,5,6,8,16,56.0,0.167,2,1.2,True,on_time
INV-10106,CL-1005,Copywriting,48800.0,45,0,13,10,72,23.5,0.05,2,1.22,True,late
INV-10107,CL-1006,Design,122900.0,15,5,14,3,59,58.4,0.333,2,1.4,True,very_late
INV-10108,CL-1007,Development,100300.0,30,3,11,4,58,33.0,0.167,2,0.9,True,late
INV-10109,CL-1008,Marketing,158700.0,30,2,25,7,32,19.9,0.05,2,0.76,True,on_time
INV-10110,CL-1009,Consulting,54000.0,30,0,24,9,6,14.4,0.05,2,0.84,True,on_time
INV-10111,CL-1010,Photography,143900.0,30,1,21,2,83,48.3,0.9,2,2.25,True,very_late
INV-10112,CL-1011,Copywriting,91500.0,15,1,7,1,79,21.1,0.05,2,1.27,True,very_late
INV-10113,CL-1012,Design,54300.0,15,3,22,2,72,14.4,0.05,2,0.85,True,very_late
INV-10114,CL-1013,Development,24500.0,30,5,9,6,21,67.0,0.9,2,1.02,True,very_late
INV-10115,CL-1014,Marketing,124600.0,45,5,4,3,39,23.1,0.05,2,0.78,True,on_time
INV-10116,CL-1015,Consulting,68100.0,15,2,19,11,48,21.6,0.05,2,0.77,True,late
INV-10117,CL-1016,Photography,81300.0,45,1,3,10,88,17.1,0.05,2,1.02,True,very_late
INV-10118,CL-1017,Copywriting,50800.0,15,0,23,5,87,22.2,0.05,2,2.12,True,very_late
INV-10119,CL-1018,Design,78800.0,15,6,19,1,44,25.3,0.05,2,0.49,True,late
INV-10120,CL-1019,Development,19000.0,45,2,3,9,82,45.1,0.9,2,0.79,True,very_late
INV-10121,CL-1020,Marketing,218200.0,30,6,16,2,55,25.3,0.05,2,0.76,True,late
INV-10122,CL-1021,Consulting,114600.0,45,6,15,12,19,55.5,0.5,2,1.19,True,very_late
INV-10123,CL-1022,Photography,15800.0,45,4,21,5,78,18.8,0.05,2,0.66,True,late
INV-10124,CL-1023,Copywriting,74500.0,45,6,16,8,55,16.2,0.05,2,0.85,True,on_time
INV-10125,CL-1024,Design,415500.0,45,2,11,4,11,27.4,0.05,2,1.85,True,on_time
INV-10126,CL-1025,Development,92600.0,30,1,25,8,72,18.7,0.05,2,0.64,True,very_late
INV-10127,CL-1026,Marketing,353100.0,30,2,1,8,41,15.3,0.05,2,2.1,True,late
INV-10128,CL-1027,Consulting,9400.0,15,2,26,5,43,46.5,0.833,2,0.59,True,late
INV-10129,CL-1028,Photography,373900.0,45,5,9,9,1,25.9,0.05,2,1.56,True,on_time
INV-10130,CL-1029,Copywriting,186900.0,15,0,8,12,52,22.5,0.05,2,1.17,True,very_late
INV-10131,CL-1030,Design,253000.0,15,5,16,11,62,25.3,0.05,2,0.72,True,very_late
INV-10132,CL-1031,Development,43700.0,15,0,10,4,51,24.2,0.05,2,0.32,True,very_late
INV-10133,CL-1032,Marketing,22000.0,30,5,19,6,60,53.0,0.167,2,0.92,True,late
INV-10134,CL-1033,Consulting,500000.0,30,3,24,9,42,27.6,0.05,2,1.43,True,on_time
INV-10135,CL-1034,Photography,123400.0,30,2,10,5,29,19.3,0.05,2,0.86,True,on_time
INV-10136,CL-1035,Copywriting,357700.0,15,2,4,12,68,21.7,0.05,2,1.66,True,very_late
INV-10137,CL-1036,Design,500000.0,45,1,7,4,61,25.6,0.05,2,1.43,True,on_time
INV-10138,CL-1037,Development,102100.0,45,6,17,10,36,22.7,0.05,2,0.71,True,on_time
INV-10139,CL-1038,Marketing,240200.0,15,2,8,6,22,26.1,0.05,2,1.07,True,on_time
INV-10140,CL-1039,Consulting,41000.0,45,4,5,5,5,38.9,0.167,2,1.02,True,on_time
INV-10141,CL-1040,Photography,49900.0,45,2,23,3,81,23.9,0.05,2,1.04,True,very_late
INV-10142,CL-1041,Copywriting,320600.0,30,0,28,1,73,45.7,0.167,2,1.74,True,very_late
INV-10143,CL-1042,Design,270000.0,30,3,11,3,6,34.7,0.167,2,2.11,True,on_time
INV-10144,CL-1043,Development,129000.0,30,0,27,2,51,18.1,0.05,2,0.95,True,late
INV-10145,CL-1044,Marketing,176500.0,45,5,22,1,19,46.2,0.167,2,1.1,True,on_time
INV-10146,CL-1045,Consulting,66900.0,45,2,3,4,15,17.3,0.05,2,0.93,True,on_time
INV-10147,CL-1046,Photography,19500.0,30,4,20,10,28,63.5,0.833,2,0.81,True,very_late
INV-10148,CL-1047,Copywriting,136000.0,30,3,15,5,75,17.9,0.05,2,1.13,True,very_late
INV-10149,CL-1048,Design,317900.0,30,4,20,1,78,22.9,0.05,2,1.37,True,very_late
INV-10150,CL-1049,Development,465200.0,15,6,7,11,27,19.1,0.05,2,1.33,True,on_time
INV-10151,CL-1000,Design,18000.0,15,1,8,3,70,23.0,0.05,3,0.75,True,very_late
INV-10152,CL-1001,Development,155900.0,15,3,15,12,76,14.4,0.05,3,1.3,True,very_late
INV-10153,CL-1002,Marketing,55600.0,15,1,10,12,36,17.9,0.05,3,0.99,True,late
INV-10154,CL-1003,Consulting,162600.0,30,0,22,4,33,17.1,0.05,3,1.56,True,on_time
INV-10155,CL-1004,Photography,48400.0,45,4,22,4,54,56.0,0.167,3,1.21,True,very_late
INV-10156,CL-1005,Copywriting,37100.0,15,5,5,5,18,23.5,0.05,3,0.93,True,late
INV-10157,CL-1006,Design,117500.0,15,6,10,10,72,58.4,0.333,3,1.34,True,very_late
INV-10158,CL-1007,Development,176900.0,30,0,15,12,38,33.0,0.167,3,1.58,True,on_time
INV-10159,CL-1008,Marketing,264100.0,30,4,18,8,56,19.9,0.05,3,1.27,True,late
INV-10160,CL-1009,Consulting,71700.0,15,3,24,6,77,14.4,0.05,3,1.12,True,very_late
INV-10161,CL-1010,Photography,66200.0,15,1,22,10,75,48.3,0.9,3,1.03,True,very_late
INV-10162,CL-1011,Copywriting,54100.0,45,6,9,10,5,21.1,0.05,3,0.75,True,on_time
INV-10163,CL-1012,Design,45000.0,15,3,17,11,56,14.4,0.05,3,0.7,True,very_late
INV-10164,CL-1013,Development,36000.0,15,4,14,11,62,67.0,0.9,3,1.5,True,very_late
INV-10165,CL-1014,Marketing,199100.0,30,2,14,6,41,23.1,0.05,3,1.24,True,on_time
INV-10166,CL-1015,Consulting,87600.0,15,2,14,12,63,21.6,0.05,3,1.0,True,very_late
INV-10167,CL-1016,Photography,82200.0,30,6,25,9,4,17.1,0.05,3,1.03,True,on_time
INV-10168,CL-1017,Copywriting,33800.0,30,2,11,2,51,22.2,0.05,3,1.41,True,late
INV-10169,CL-1018,Design,119900.0,15,5,28,9,59,25.3,0.05,3,0.75,True,very_late
INV-10170,CL-1019,Development,27700.0,15,4,12,10,63,45.1,0.9,3,1.15,True,late
INV-10171,CL-1020,Marketing,216000.0,15,1,9,9,16,25.3,0.05,3,0.75,True,on_time
INV-10172,CL-1021,Consulting,104600.0,30,5,16,2,3,55.5,0.5,3,1.09,True,on_time
INV-10173,CL-1022,Photography,20400.0,45,6,8,12,20,18.8,0.05,3,0.85,True,on_time
INV-10174,CL-1023,Copywriting,53000.0,15,4,14,2,28,16.2,0.05,3,0.6,True,on_time
INV-10175,CL-1024,Design,174200.0,15,3,4,11,19,27.4,0.05,3,0.78,True,on_time
INV-10176,CL-1025,Development,160600.0,45,2,17,12,34,18.7,0.05,3,1.12,True,on_time
INV-10177,CL-1026,Marketing,226800.0,30,3,8,8,70,15.3,0.05,3,1.35,True,very_late
INV-10178,CL-1027,Consulting,15900.0,15,4,17,12,17,46.5,0.833,3,0.99,True,on_time
INV-10179,CL-1028,Photography,238400.0,30,6,26,7,43,25.9,0.05,3,0.99,True,on_time
INV-10180,CL-1029,Copywriting,179100.0,45,2,27,1,36,22.5,0.05,3,1.12,True,on_time
INV-10181,CL-1030,Design,419800.0,45,4,22,8,19,25.3,0.05,3,1.2,True,on_time
INV-10182,CL-1031,Development,130900.0,30,2,11,9,69,24.2,0.05,3,0.96,True,very_late
INV-10183,CL-1032,Marketing,30600.0,30,6,7,12,30,53.0,0.167,3,1.27,True,on_time
INV-10184,CL-1033,Consulting,378600.0,15,6,25,7,5,27.6,0.05,3,1.08,True,on_time
INV-10185,CL-1034,Photography,149000.0,30,5,26,7,49,19.3,0.05,3,1.03,True,on_time
INV-10186,CL-1035,Copywriting,217900.0,45,1,16,1,16,21.7,0.05,3,1.01,True,on_time
INV-10187,CL-1036,Design,500000.0,45,2,28,2,56,25.6,0.05,3,1.43,True,on_time
INV-10188,CL-1037,Development,306000.0,30,0,24,3,52,22.7,0.05,3,2.12,True,late
INV-10189,CL-1038,Marketing,304000.0,15,0,16,5,43,26.1,0.05,3,1.36,True,late
INV-10190,CL-1039,Consulting,86100.0,30,5,3,6,86,38.9,0.167,3,2.15,True,very_late
INV-10191,CL-1040,Photography,35800.0,30,2,21,12,62,23.9,0.05,3,0.75,True,late
INV-10192,CL-1041,Copywriting,87500.0,15,4,3,4,80,45.7,0.167,3,0.48,True,very_late
INV-10193,CL-1042,Design,98100.0,30,1,24,2,55,34.7,0.167,3,0.77,True,late
INV-10194,CL-1043,Development,153300.0,45,5,28,2,56,18.1,0.05,3,1.13,True,on_time
INV-10195,CL-1044,Marketing,223100.0,30,0,2,6,7,46.2,0.167,3,1.39,True,on_time
INV-10196,CL-1045,Consulting,52600.0,30,3,5,4,67,17.3,0.05,3,0.73,True,very_late
INV-10197,CL-1046,Photography,15100.0,45,6,6,3,22,63.5,0.833,3,0.63,True,very_late
INV-10198,CL-1047,Copywriting,181300.0,30,4,22,4,63,17.9,0.05,3,1.51,True,late
INV-10199,CL-1048,Design,127400.0,15,1,15,11,32,22.9,0.05,3,0.55,True,on_time
INV-10200,CL-1049,Development,336200.0,45,0,26,8,36,19.1,0.05,3,0.96,True,on_time
INV-10201,CL-1000,Design,13700.0,15,0,15,6,75,23.0,0.05,4,0.57,True,very_late
INV-10202,CL-1001,Development,120200.0,30,5,9,8,38,14.4,0.05,4,1.0,True,on_time
INV-10203,CL-1002,Marketing,47800.0,30,6,16,2,30,17.9,0.05,4,0.85,True,on_time
INV-10204,CL-1003,Consulting,71600.0,30,4,10,12,37,17.1,0.05,4,0.69,True,very_late
INV-10205,CL-1004,Photography,41700.0,45,3,9,1,72,56.0,0.167,4,1.04,True,late
INV-10206,CL-1005,Copywriting,51300.0,45,0,20,12,63,23.5,0.05,4,1.28,True,on_time
INV-10207,CL-1006,Design,51400.0,30,6,26,4,77,58.4,0.333,4,0.58,True,very_late
INV-10208,CL-1007,Development,125800.0,15,5,7,10,32,33.0,0.167,4,1.12,True,on_time
INV-10209,CL-1008,Marketing,358000.0,45,6,22,11,17,19.9,0.05,4,1.72,True,on_time
INV-10210,CL-1009,Consulting,96700.0,45,5,2,5,56,14.4,0.05,4,1.51,True,very_late
INV-10211,CL-1010,Photography,131600.0,30,5,5,2,37,48.3,0.9,4,2.06,True,very_late
INV-10212,CL-1011,Copywriting,66000.0,30,1,7,3,69,21.1,0.05,4,0.92,True,very_late
INV-10213,CL-1012,Design,80200.0,30,4,17,5,21,14.4,0.05,4,1.25,True,on_time
INV-10214,CL-1013,Development,17100.0,30,6,10,12,43,67.0,0.9,4,0.71,True,very_late
INV-10215,CL-1014,Marketing,231700.0,30,0,5,4,86,23.1,0.05,4,1.45,True,very_late
INV-10216,CL-1015,Consulting,58200.0,30,6,26,9,46,21.6,0.05,4,0.66,True,on_time
INV-10217,CL-1016,Photography,72800.0,30,0,9,9,15,17.1,0.05,4,0.91,True,on_time
INV-10218,CL-1017,Copywriting,40600.0,45,5,22,5,74,22.2,0.05,4,1.69,True,late
INV-10219,CL-1018,Design,282900.0,45,2,4,11,29,25.3,0.05,4,1.77,True,on_time
INV-10220,CL-1019,Development,13200.0,45,4,11,10,28,45.1,0.9,4,0.55,True,late
INV-10221,CL-1020,Marketing,329400.0,45,6,15,12,38,25.3,0.05,4,1.14,True,on_time
INV-10222,CL-1021,Consulting,46600.0,15,1,2,1,38,55.5,0.5,4,0.49,True,late
INV-10223,CL-1022,Photography,15200.0,15,0,8,9,17,18.8,0.05,4,0.63,True,on_time
INV-10224,CL-1023,Copywriting,100000.0,30,5,24,12,69,16.2,0.05,4,1.14,True,very_late
INV-10225,CL-1024,Design,187100.0,45,5,5,7,83,27.4,0.05,4,0.84,True,very_late
INV-10226,CL-1025,Development,140900.0,30,4,14,5,4,18.7,0.05,4,0.98,True,on_time
INV-10227,CL-1026,Marketing,119000.0,15,3,15,4,46,15.3,0.05,4,0.71,True,late
INV-10228,CL-1027,Consulting,13300.0,45,2,18,11,45,46.5,0.833,4,0.83,True,very_late
INV-10229,CL-1028,Photography,231200.0,30,1,4,8,11,25.9,0.05,4,0.96,True,on_time
INV-10230,CL-1029,Copywriting,131800.0,45,5,20,1,6,22.5,0.05,4,0.82,True,on_time
INV-10231,CL-1030,Design,500000.0,15,1,26,10,26,25.3,0.05,4,1.43,True,on_time
INV-10232,CL-1031,Development,106500.0,45,1,19,4,29,24.2,0.05,4,0.78,True,on_time
INV-10233,CL-1032,Marketing,23100.0,15,6,20,1,35,53.0,0.167,4,0.96,True,on_time
INV-10234,CL-1033,Consulting,433900.0,15,1,18,5,22,27.6,0.05,4,1.24,True,late
INV-10235,CL-1034,Photography,119600.0,15,1,1,6,30,19.3,0.05,4,0.83,True,on_time
INV-10236,CL-1035,Copywriting,196200.0,15,1,9,1,16,21.7,0.05,4,0.91,True,on_time
INV-10237,CL-1036,Design,205900.0,45,0,24,2,60,25.6,0.05,4,0.59,True,on_time
INV-10238,CL-1037,Development,256100.0,30,4,19,2,57,22.7,0.05,4,1.78,True,late
INV-10239,CL-1038,Marketing,274100.0,45,0,24,11,66,26.1,0.05,4,1.22,True,late
INV-10240,CL-1039,Consulting,117500.0,45,0,2,8,51,38.9,0.167,4,2.94,True,on_time
INV-10241,CL-1040,Photography,45900.0,15,3,23,8,9,23.9,0.05,4,0.96,True,on_time
INV-10242,CL-1041,Copywriting,104900.0,30,4,5,2,16,45.7,0.167,4,0.57,True,on_time
INV-10243,CL-1042,Design,98200.0,45,4,18,12,41,34.7,0.167,4,0.77,True,on_time
INV-10244,CL-1043,Development,108500.0,45,4,10,8,64,18.1,0.05,4,0.8,True,on_time
INV-10245,CL-1044,Marketing,288800.0,15,6,23,2,83,46.2,0.167,4,1.8,True,very_late
INV-10246,CL-1045,Consulting,71800.0,45,5,28,4,55,17.3,0.05,4,1.0,True,on_time
INV-10247,CL-1046,Photography,24700.0,15,3,11,8,51,63.5,0.833,4,1.03,True,very_late
INV-10248,CL-1047,Copywriting,204500.0,15,2,14,6,85,17.9,0.05,4,1.7,True,very_late
INV-10249,CL-1048,Design,161400.0,15,5,16,2,11,22.9,0.05,4,0.7,True,on_time
INV-10250,CL-1049,Development,257600.0,15,3,4,12,47,19.1,0.05,4,0.74,True,late
INV-10251,CL-1000,Design,33200.0,45,0,19,9,71,23.0,0.05,5,1.38,True,late
INV-10252,CL-1001,Development,73600.0,15,3,12,11,54,14.4,0.05,5,0.61,True,very_late
INV-10253,CL-1002,Marketing,44600.0,45,0,10,10,39,17.9,0.05,5,0.8,True,on_time
INV-10254,CL-1003,Consulting,84500.0,45,4,7,3,84,17.1,0.05,5,0.81,True,very_late
INV-10255,CL-1004,Photography,40700.0,15,2,28,9,47,56.0,0.167,5,1.02,True,late
INV-10256,CL-1005,Copywriting,44000.0,30,4,8,7,71,23.5,0.05,5,1.1,True,very_late
INV-10257,CL-1006,Design,80900.0,45,4,22,11,71,58.4,0.333,5,0.92,True,very_late
INV-10258,CL-1007,Development,91500.0,45,6,23,5,3,33.0,0.167,5,0.82,True,late
INV-10259,CL-1008,Marketing,247900.0,45,6,10,6,44,19.9,0.05,5,1.19,True,very_late
INV-10260,CL-1009,Consulting,66300.0,15,4,22,7,8,14.4,0.05,5,1.04,True,on_time
INV-10261,CL-1010,Photography,35700.0,45,0,3,12,67,48.3,0.9,5,0.56,True,very_late
INV-10262,CL-1011,Copywriting,57100.0,30,3,11,3,47,21.1,0.05,5,0.79,True,on_time
INV-10263,CL-1012,Design,49000.0,30,6,19,10,10,14.4,0.05,5,0.77,True,on_time
INV-10264,CL-1013,Development,13600.0,15,1,25,10,6,67.0,0.9,5,0.57,True,very_late
INV-10265,CL-1014,Marketing,175200.0,30,3,22,7,62,23.1,0.05,5,1.09,True,late
INV-10266,CL-1015,Consulting,110000.0,30,2,7,9,14,21.6,0.05,5,1.25,True,on_time
INV-10267,CL-1016,Photography,78200.0,15,2,22,11,75,17.1,0.05,5,0.98,True,very_late
INV-10268,CL-1017,Copywriting,19100.0,45,2,2,4,50,22.2,0.05,5,0.8,True,on_time
INV-10269,CL-1018,Design,118400.0,15,0,7,5,27,25.3,0.05,5,0.74,True,on_time
INV-10270,CL-1019,Development,34100.0,30,2,11,2,0,45.1,0.9,5,1.42,True,late
INV-10271,CL-1020,Marketing,385900.0,30,1,5,7,68,25.3,0.05,5,1.34,True,very_late
INV-10272,CL-1021,Consulting,115600.0,45,4,27,11,45,55.5,0.5,5,1.2,True,very_late
INV-10273,CL-1022,Photography,10100.0,45,0,14,1,58,18.8,0.05,5,0.42,True,on_time
INV-10274,CL-1023,Copywriting,107700.0,30,4,14,10,51,16.2,0.05,5,1.22,True,late
INV-10275,CL-1024,Design,255100.0,30,2,4,7,2,27.4,0.05,5,1.14,True,on_time
INV-10276,CL-1025,Development,148400.0,15,6,20,8,88,18.7,0.05,5,1.03,True,very_late
INV-10277,CL-1026,Marketing,252800.0,15,3,28,2,31,15.3,0.05,5,1.5,True,on_time
INV-10278,CL-1027,Consulting,18000.0,30,4,3,7,39,46.5,0.833,5,1.12,True,late
INV-10279,CL-1028,Photography,202300.0,15,2,25,3,9,25.9,0.05,5,0.84,True,on_time
INV-10280,CL-1029,Copywriting,183700.0,15,4,17,4,44,22.5,0.05,5,1.15,True,late
INV-10281,CL-1030,Design,387400.0,45,6,5,4,13,25.3,0.05,5,1.11,True,late
INV-10282,CL-1031,Development,184500.0,15,1,20,3,83,24.2,0.05,5,1.36,True,very_late
INV-10283,CL-1032,Marketing,36500.0,45,3,15,10,74,53.0,0.167,5,1.52,True,late
INV-10284,CL-1033,Consulting,171500.0,45,5,21,10,41,27.6,0.05,5,0.49,True,on_time
INV-10285,CL-1034,Photography,74800.0,45,2,5,8,8,19.3,0.05,5,0.52,True,on_time
INV-10286,CL-1035,Copywriting,217400.0,45,2,26,5,75,21.7,0.05,5,1.01,True,late
INV-10287,CL-1036,Design,392400.0,45,0,10,8,57,25.6,0.05,5,1.12,True,late
INV-10288,CL-1037,Development,192500.0,30,6,10,2,82,22.7,0.05,5,1.34,True,very_late
INV-10289,CL-1038,Marketing,243300.0,15,4,20,9,49,26.1,0.05,5,1.09,True,late
INV-10290,CL-1039,Consulting,23800.0,45,6,24,1,57,38.9,0.167,5,0.59,True,on_time
INV-10291,CL-1040,Photography,54000.0,45,5,7,6,77,23.9,0.05,5,1.12,True,late
INV-10292,CL-1041,Copywriting,229600.0,15,0,15,2,43,45.7,0.167,5,1.25,True,late
INV-10293,CL-1042,Design,136400.0,15,4,21,3,5,34.7,0.167,5,1.07,True,on_time
INV-10294,CL-1043,Development,115800.0,30,3,17,9,78,18.1,0.05,5,0.85,True,very_late
INV-10295,CL-1044,Marketing,214000.0,30,2,13,7,43,46.2,0.167,5,1.34,True,on_time
INV-10296,CL-1045,Consulting,73800.0,15,6,21,11,42,17.3,0.05,5,1.02,True,late
INV-10297,CL-1046,Photography,28400.0,15,4,22,7,36,63.5,0.833,5,1.18,True,very_late
INV-10298,CL-1047,Copywriting,172500.0,45,4,28,3,42,17.9,0.05,5,1.44,True,on_time
INV-10299,CL-1048,Design,211100.0,45,1,12,5,83,22.9,0.05,5,0.91,True,very_late
INV-10300,CL-1049,Development,299600.0,30,1,20,12,10,19.1,0.05,5,0.86,True,on_time
INV-10301,CL-1000,Design,31300.0,30,5,26,6,16,23.0,0.05,6,1.3,True,on_time
INV-10302,CL-1001,Development,162700.0,45,5,17,2,82,14.4,0.05,6,1.36,True,very_late
INV-10303,CL-1002,Marketing,64700.0,45,2,1,6,39,17.9,0.05,6,1.16,True,late
INV-10304,CL-1003,Consulting,79300.0,15,2,25,8,24,17.1,0.05,6,0.76,True,on_time
INV-10305,CL-1004,Photography,21500.0,15,1,3,5,12,56.0,0.167,6,0.54,True,on_time
INV-10306,CL-1005,Copywriting,50300.0,45,6,24,9,4,23.5,0.05,6,1.26,True,on_time
INV-10307,CL-1006,Design,97100.0,45,1,20,7,19,58.4,0.333,6,1.1,True,very_late
INV-10308,CL-1007,Development,263600.0,45,6,20,3,56,33.0,0.167,6,2.35,True,very_late
INV-10309,CL-1008,Marketing,216100.0,30,5,24,4,56,19.9,0.05,6,1.04,True,late
INV-10310,CL-1009,Consulting,75700.0,45,6,15,4,68,14.4,0.05,6,1.18,True,late
INV-10311,CL-1010,Photography,48500.0,30,6,7,6,86,48.3,0.9,6,0.76,True,very_late
INV-10312,CL-1011,Copywriting,139100.0,30,3,25,5,48,21.1,0.05,6,1.93,True,on_time
INV-10313,CL-1012,Design,111800.0,30,1,27,4,77,14.4,0.05,6,1.75,True,very_late
INV-10314,CL-1013,Development,17000.0,30,0,21,8,47,67.0,0.9,6,0.71,True,very_late
INV-10315,CL-1014,Marketing,163200.0,15,5,28,9,15,23.1,0.05,6,1.02,True,on_time
INV-10316,CL-1015,Consulting,48700.0,15,2,15,9,18,21.6,0.05,6,0.55,True,on_time
INV-10317,CL-1016,Photography,75700.0,15,1,27,8,44,17.1,0.05,6,0.95,True,late
INV-10318,CL-1017,Copywriting,16800.0,30,0,13,9,47,22.2,0.05,6,0.7,True,on_time
INV-10319,CL-1018,Design,213400.0,15,2,8,1,40,25.3,0.05,6,1.33,True,late
INV-10320,CL-1019,Development,15300.0,45,5,11,3,17,45.1,0.9,6,0.64,True,very_late
INV-10321,CL-1020,Marketing,256100.0,30,5,27,3,90,25.3,0.05,6,0.89,True,very_late
INV-10322,CL-1021,Consulting,87700.0,45,0,3,1,32,55.5,0.5,6,0.91,True,very_late
INV-10323,CL-1022,Photography,22000.0,15,4,24,10,67,18.8,0.05,6,0.92,True,very_late
INV-10324,CL-1023,Copywriting,34200.0,30,1,10,2,6,16.2,0.05,6,0.39,True,on_time
INV-10325,CL-1024,Design,206600.0,45,6,20,8,8,27.4,0.05,6,0.92,True,on_time
INV-10326,CL-1025,Development,275000.0,30,4,18,1,80,18.7,0.05,6,1.91,True,very_late
INV-10327,CL-1026,Marketing,152900.0,15,5,5,5,54,15.3,0.05,6,0.91,True,very_late
INV-10328,CL-1027,Consulting,39400.0,30,1,19,7,23,46.5,0.833,6,2.46,True,late
INV-10329,CL-1028,Photography,241200.0,15,4,12,2,67,25.9,0.05,6,1.0,True,very_late
INV-10330,CL-1029,Copywriting,171500.0,45,4,1,7,60,22.5,0.05,6,1.07,True,late
INV-10331,CL-1030,Design,286300.0,30,2,9,12,2,25.3,0.05,6,0.82,True,on_time
INV-10332,CL-1031,Development,134400.0,15,2,8,12,84,24.2,0.05,6,0.99,True,very_late
INV-10333,CL-1032,Marketing,18700.0,45,5,25,6,17,53.0,0.167,6,0.78,True,very_late
INV-10334,CL-1033,Consulting,320100.0,45,2,27,11,22,27.6,0.05,6,0.91,True,on_time
INV-10335,CL-1034,Photography,56900.0,45,3,23,8,80,19.3,0.05,6,0.4,True,late
INV-10336,CL-1035,Copywriting,334100.0,15,0,23,8,4,21.7,0.05,6,1.55,True,on_time
INV-10337,CL-1036,Design,310400.0,15,6,7,1,40,25.6,0.05,6,0.89,True,late
INV-10338,CL-1037,Development,88000.0,45,3,27,9,60,22.7,0.05,6,0.61,True,on_time
INV-10339,CL-1038,Marketing,151900.0,45,1,10,6,6,26.1,0.05,6,0.68,True,on_time
INV-10340,CL-1039,Consulting,55500.0,30,2,4,6,55,38.9,0.167,6,1.39,True,late
INV-10341,CL-1040,Photography,61800.0,45,3,13,6,23,23.9,0.05,6,1.29,True,on_time
INV-10342,CL-1041,Copywriting,153100.0,30,2,26,9,34,45.7,0.167,6,0.83,True,on_time
INV-10343,CL-1042,Design,83500.0,45,3,3,7,77,34.7,0.167,6,0.65,True,late
INV-10344,CL-1043,Development,125000.0,15,4,10,6,13,18.1,0.05,6,0.92,True,on_time
INV-10345,CL-1044,Marketing,205200.0,45,2,10,8,77,46.2,0.167,6,1.28,True,late
INV-10346,CL-1045,Consulting,63500.0,15,5,15,6,57,17.3,0.05,6,0.88,True,very_late
INV-10347,CL-1046,Photography,16400.0,30,4,14,5,81,63.5,0.833,6,0.68,True,very_late
INV-10348,CL-1047,Copywriting,147700.0,15,0,22,11,51,17.9,0.05,6,1.23,True,very_late
INV-10349,CL-1048,Design,260100.0,45,5,6,1,18,22.9,0.05,6,1.12,True,on_time
INV-10350,CL-1049,Development,483600.0,45,6,15,1,16,19.1,0.05,6,1.38,True,on_time
INV-10351,CL-1000,Design,20000.0,45,2,12,7,72,23.0,0.05,7,0.83,True,very_late
INV-10352,CL-1001,Development,93800.0,15,5,15,6,47,14.4,0.05,7,0.78,True,late
INV-10353,CL-1002,Marketing,32500.0,15,4,5,9,46,17.9,0.05,7,0.58,True,late
INV-10354,CL-1003,Consulting,66400.0,45,2,8,2,3,17.1,0.05,7,0.64,True,on_time
INV-10355,CL-1004,Photography,19300.0,30,4,13,9,15,56.0,0.167,7,0.48,True,on_time
INV-10356,CL-1005,Copywriting,43100.0,30,5,15,4,78,23.5,0.05,7,1.08,True,very_late
INV-10357,CL-1006,Design,72700.0,30,1,4,3,9,58.4,0.333,7,0.83,True,on_time
INV-10358,CL-1007,Development,110500.0,45,3,3,11,40,33.0,0.167,7,0.99,True,on_time
INV-10359,CL-1008,Marketing,216500.0,45,0,18,9,37,19.9,0.05,7,1.04,True,on_time
INV-10360,CL-1009,Consulting,56400.0,15,5,23,12,81,14.4,0.05,7,0.88,True,very_late
INV-10361,CL-1010,Photography,71300.0,30,4,8,2,25,48.3,0.9,7,1.11,True,on_time
INV-10362,CL-1011,Copywriting,44900.0,15,6,16,1,46,21.1,0.05,7,0.62,True,late
INV-10363,CL-1012,Design,67900.0,30,3,26,9,16,14.4,0.05,7,1.06,True,on_time
INV-10364,CL-1013,Development,24200.0,15,0,10,7,61,67.0,0.9,7,1.01,True,very_late
INV-10365,CL-1014,Marketing,132500.0,30,6,19,2,16,23.1,0.05,7,0.83,True,on_time
INV-10366,CL-1015,Consulting,94200.0,45,0,15,8,87,21.6,0.05,7,1.07,True,very_late
INV-10367,CL-1016,Photography,92300.0,15,6,25,9,81,17.1,0.05,7,1.15,True,very_late
INV-10368,CL-1017,Copywriting,34400.0,15,3,17,1,15,22.2,0.05,7,1.43,True,on_time
INV-10369,CL-1018,Design,175000.0,30,1,6,6,90,25.3,0.05,7,1.09,True,very_late
INV-10370,CL-1019,Development,43000.0,45,2,28,2,32,45.1,0.9,7,1.79,True,very_late
INV-10371,CL-1020,Marketing,151200.0,45,2,5,11,38,25.3,0.05,7,0.53,True,on_time
INV-10372,CL-1021,Consulting,77100.0,15,4,21,3,75,55.5,0.5,7,0.8,True,very_late
INV-10373,CL-1022,Photography,28800.0,15,1,22,10,77,18.8,0.05,7,1.2,True,very_late
INV-10374,CL-1023,Copywriting,93900.0,45,0,27,1,10,16.2,0.05,7,1.07,True,late
INV-10375,CL-1024,Design,180800.0,45,6,19,5,83,27.4,0.05,7,0.81,True,very_late
INV-10376,CL-1025,Development,104200.0,45,3,20,11,3,18.7,0.05,7,0.72,True,on_time
INV-10377,CL-1026,Marketing,119400.0,45,4,10,11,38,15.3,0.05,7,0.71,True,on_time
INV-10378,CL-1027,Consulting,11500.0,45,3,10,8,9,46.5,0.833,7,0.72,True,late
INV-10379,CL-1028,Photography,285200.0,15,3,14,8,59,25.9,0.05,7,1.19,True,very_late
INV-10380,CL-1029,Copywriting,118500.0,45,1,11,12,40,22.5,0.05,7,0.74,True,on_time
INV-10381,CL-1030,Design,286100.0,30,3,5,6,65,25.3,0.05,7,0.82,True,late
INV-10382,CL-1031,Development,333200.0,30,1,15,2,34,24.2,0.05,7,2.45,True,on_time
INV-10383,CL-1032,Marketing,35900.0,15,0,2,5,49,53.0,0.167,7,1.5,True,late
INV-10384,CL-1033,Consulting,345700.0,30,1,28,3,41,27.6,0.05,7,0.99,True,on_time
INV-10385,CL-1034,Photography,115600.0,45,2,7,3,63,19.3,0.05,7,0.8,True,on_time
INV-10386,CL-1035,Copywriting,276700.0,30,3,10,8,2,21.7,0.05,7,1.28,True,on_time
INV-10387,CL-1036,Design,436700.0,30,4,15,4,27,25.6,0.05,7,1.25,True,on_time
INV-10388,CL-1037,Development,179000.0,15,0,10,8,76,22.7,0.05,7,1.24,True,very_late
INV-10389,CL-1038,Marketing,173700.0,45,5,16,5,68,26.1,0.05,7,0.78,True,very_late
INV-10390,CL-1039,Consulting,39000.0,15,3,5,5,46,38.9,0.167,7,0.97,True,late
INV-10391,CL-1040,Photography,51100.0,30,0,13,1,72,23.9,0.05,7,1.06,True,very_late
INV-10392,CL-1041,Copywriting,210200.0,30,4,10,2,49,45.7,0.167,7,1.14,True,on_time
INV-10393,CL-1042,Design,155700.0,45,2,27,10,87,34.7,0.167,7,1.22,True,very_late
INV-10394,CL-1043,Development,182100.0,15,0,13,6,43,18.1,0.05,7,1.34,True,late
INV-10395,CL-1044,Marketing,156100.0,30,6,5,4,77,46.2,0.167,7,0.98,True,very_late
INV-10396,CL-1045,Consulting,83700.0,45,0,2,1,17,17.3,0.05,7,1.16,True,on_time
INV-10397,CL-1046,Photography,26400.0,30,4,15,3,77,63.5,0.833,7,1.1,True,very_late
INV-10398,CL-1047,Copywriting,82200.0,15,2,20,6,20,17.9,0.05,7,0.69,True,on_time
INV-10399,CL-1048,Design,228800.0,45,5,27,5,75,22.9,0.05,7,0.99,True,late
INV-10400,CL-1049,Development,353500.0,45,4,16,12,72,19.1,0.05,7,1.01,True,late
INV-10401,CL-1000,Design,33300.0,15,2,11,11,14,23.0,0.05,8,1.39,True,on_time
INV-10402,CL-1001,Development,124100.0,45,2,26,12,88,14.4,0.05,8,1.03,True,very_late
INV-10403,CL-1002,Marketing,48100.0,45,3,9,11,74,17.9,0.05,8,0.86,True,late
INV-10404,CL-1003,Consulting,112400.0,45,0,19,8,21,17.1,0.05,8,1.08,True,on_time
INV-10405,CL-1004,Photography,62100.0,45,4,25,7,18,56.0,0.167,8,1.55,True,on_time
INV-10406,CL-1005,Copywriting,37500.0,15,0,19,12,14,23.5,0.05,8,0.94,True,on_time
INV-10407,CL-1006,Design,146000.0,30,2,14,3,52,58.4,0.333,8,1.66,True,late
INV-10408,CL-1007,Development,160700.0,30,4,25,10,60,33.0,0.167,8,1.43,True,late
INV-10409,CL-1008,Marketing,228400.0,45,5,2,12,17,19.9,0.05,8,1.1,True,on_time
INV-10410,CL-1009,Consulting,65900.0,45,2,22,8,67,14.4,0.05,8,1.03,True,late
INV-10411,CL-1010,Photography,53400.0,15,3,18,6,69,48.3,0.9,8,0.83,True,very_late
INV-10412,CL-1011,Copywriting,161000.0,45,5,21,12,33,21.1,0.05,8,2.24,True,on_time
INV-10413,CL-1012,Design,54800.0,15,1,9,9,38,14.4,0.05,8,0.86,True,late
INV-10414,CL-1013,Development,41700.0,30,6,10,12,26,67.0,0.9,8,1.74,True,very_late
INV-10415,CL-1014,Marketing,138100.0,30,2,16,6,71,23.1,0.05,8,0.86,True,very_late
INV-10416,CL-1015,Consulting,55000.0,45,2,10,2,73,21.6,0.05,8,0.62,True,late
INV-10417,CL-1016,Photography,56300.0,30,3,27,6,18,17.1,0.05,8,0.7,True,on_time
INV-10418,CL-1017,Copywriting,23700.0,30,5,3,6,56,22.2,0.05,8,0.99,True,late
INV-10419,CL-1018,Design,275300.0,45,3,7,4,68,25.3,0.05,8,1.72,True,late
INV-10420,CL-1019,Development,33900.0,45,5,9,3,13,45.1,0.9,8,1.41,True,late
INV-10421,CL-1020,Marketing,283100.0,45,1,8,1,85,25.3,0.05,8,0.98,True,very_late
INV-10422,CL-1021,Consulting,64800.0,15,5,8,1,12,55.5,0.5,8,0.68,True,very_late
INV-10423,CL-1022,Photography,25400.0,45,3,4,11,17,18.8,0.05,8,1.06,True,very_late
INV-10424,CL-1023,Copywriting,97400.0,45,1,14,11,60,16.2,0.05,8,1.11,True,on_time
INV-10425,CL-1024,Design,179200.0,15,6,10,6,36,27.4,0.05,8,0.8,True,late
INV-10426,CL-1025,Development,115800.0,15,5,19,4,68,18.7,0.05,8,0.8,True,very_late
INV-10427,CL-1026,Marketing,134400.0,15,1,14,3,4,15.3,0.05,8,0.8,True,on_time
INV-10428,CL-1027,Consulting,26300.0,30,6,16,3,37,46.5,0.833,8,1.64,True,late
INV-10429,CL-1028,Photography,179300.0,15,2,19,10,13,25.9,0.05,8,0.75,True,on_time
INV-10430,CL-1029,Copywriting,131900.0,30,2,15,11,69,22.5,0.05,8,0.82,True,very_late
INV-10431,CL-1030,Design,375800.0,15,6,17,8,34,25.3,0.05,8,1.07,True,on_time
INV-10432,CL-1031,Development,233800.0,15,2,6,12,58,24.2,0.05,8,1.72,True,very_late
INV-10433,CL-1032,Marketing,19400.0,45,1,1,12,43,53.0,0.167,8,0.81,True,on_time
INV-10434,CL-1033,Consulting,386800.0,45,5,25,4,22,27.6,0.05,8,1.11,True,on_time
INV-10435,CL-1034,Photography,181300.0,45,3,27,7,65,19.3,0.05,8,1.26,True,on_time
INV-10436,CL-1035,Copywriting,203000.0,30,5,4,3,17,21.7,0.05,8,0.94,True,on_time
INV-10437,CL-1036,Design,216000.0,15,0,9,7,30,25.6,0.05,8,0.62,True,on_time
INV-10438,CL-1037,Development,142300.0,30,2,10,10,73,22.7,0.05,8,0.99,True,very_late
INV-10439,CL-1038,Marketing,186900.0,45,2,23,4,7,26.1,0.05,8,0.83,True,on_time
INV-10440,CL-1039,Consulting,39800.0,30,2,6,7,87,38.9,0.167,8,0.99,True,very_late
INV-10441,CL-1040,Photography,116200.0,45,6,10,12,15,23.9,0.05,8,2.42,True,on_time
INV-10442,CL-1041,Copywriting,155000.0,30,2,20,4,28,45.7,0.167,8,0.84,True,on_time
INV-10443,CL-1042,Design,162500.0,30,1,15,12,77,34.7,0.167,8,1.27,True,very_late
INV-10444,CL-1043,Development,166800.0,45,4,16,9,85,18.1,0.05,8,1.23,True,very_late
INV-10445,CL-1044,Marketing,196700.0,15,5,25,10,10,46.2,0.167,8,1.23,True,on_time
INV-10446,CL-1045,Consulting,96000.0,45,5,12,2,72,17.3,0.05,8,1.33,True,late
INV-10447,CL-1046,Photography,34900.0,45,4,7,10,68,63.5,0.833,8,1.45,True,very_late
INV-10448,CL-1047,Copywriting,194700.0,30,6,17,8,14,17.9,0.05,8,1.62,True,on_time
INV-10449,CL-1048,Design,218800.0,45,4,16,2,65,22.9,0.05,8,0.94,True,on_time
INV-10450,CL-1049,Development,500000.0,15,3,5,9,53,19.1,0.05,8,1.43,True,very_late
INV-10451,CL-1000,Design,27300.0,15,4,15,11,39,23.0,0.05,9,1.14,True,late
INV-10452,CL-1001,Development,121200.0,30,2,27,1,27,14.4,0.05,9,1.01,True,on_time
INV-10453,CL-1002,Marketing,59900.0,15,3,12,12,8,17.9,0.05,9,1.07,True,on_time
INV-10454,CL-1003,Consulting,64600.0,15,0,16,1,36,17.1,0.05,9,0.62,True,late
INV-10455,CL-1004,Photography,50100.0,15,6,21,12,82,56.0,0.167,9,1.25,True,very_late
INV-10456,CL-1005,Copywriting,35900.0,30,3,15,7,48,23.5,0.05,9,0.9,True,on_time
INV-10457,CL-1006,Design,96000.0,45,6,18,3,83,58.4,0.333,9,1.09,True,very_late
INV-10458,CL-1007,Development,108300.0,15,1,18,7,67,33.0,0.167,9,0.97,True,late
INV-10459,CL-1008,Marketing,257300.0,15,6,1,1,38,19.9,0.05,9,1.24,True,late
INV-10460,CL-1009,Consulting,54700.0,45,4,14,9,48,14.4,0.05,9,0.85,True,on_time
INV-10461,CL-1010,Photography,93200.0,15,3,12,3,35,48.3,0.9,9,1.46,True,very_late
INV-10462,CL-1011,Copywriting,75400.0,45,6,4,1,84,21.1,0.05,9,1.05,True,very_late
INV-10463,CL-1012,Design,97200.0,15,1,7,2,12,14.4,0.05,9,1.52,True,on_time
INV-10464,CL-1013,Development,19700.0,30,4,22,12,6,67.0,0.9,9,0.82,True,very_late
INV-10465,CL-1014,Marketing,276700.0,15,3,15,4,69,23.1,0.05,9,1.73,True,very_late
INV-10466,CL-1015,Consulting,72500.0,15,1,17,5,29,21.6,0.05,9,0.82,True,on_time
INV-10467,CL-1016,Photography,48200.0,45,4,11,10,76,17.1,0.05,9,0.6,True,late
INV-10468,CL-1017,Copywriting,28000.0,30,1,10,3,84,22.2,0.05,9,1.17,True,very_late
INV-10469,CL-1018,Design,111900.0,30,2,9,1,71,25.3,0.05,9,0.7,True,very_late
INV-10470,CL-1019,Development,26100.0,45,1,21,11,54,45.1,0.9,9,1.09,True,late
INV-10471,CL-1020,Marketing,184000.0,15,2,21,11,48,25.3,0.05,9,0.64,True,late
INV-10472,CL-1021,Consulting,120500.0,30,5,14,7,19,55.5,0.5,9,1.26,True,very_late
INV-10473,CL-1022,Photography,45800.0,15,6,18,8,30,18.8,0.05,9,1.91,True,on_time
INV-10474,CL-1023,Copywriting,51600.0,30,6,23,3,59,16.2,0.05,9,0.59,True,late
INV-10475,CL-1024,Design,220500.0,45,3,14,9,67,27.4,0.05,9,0.98,True,late
INV-10476,CL-1025,Development,132300.0,15,2,7,6,82,18.7,0.05,9,0.92,True,very_late
INV-10477,CL-1026,Marketing,108400.0,30,6,12,2,68,15.3,0.05,9,0.65,True,very_late
INV-10478,CL-1027,Consulting,15500.0,15,0,9,7,86,46.5,0.833,9,0.97,True,late
INV-10479,CL-1028,Photography,270600.0,15,6,3,4,75,25.9,0.05,9,1.13,True,very_late
INV-10480,CL-1029,Copywriting,195300.0,45,1,16,4,42,22.5,0.05,9,1.22,True,on_time
INV-10481,CL-1030,Design,438300.0,15,1,7,12,15,25.3,0.05,9,1.25,True,on_time
INV-10482,CL-1031,Development,145700.0,30,1,23,10,90,24.2,0.05,9,1.07,True,very_late
INV-10483,CL-1032,Marketing,23300.0,15,4,11,5,48,53.0,0.167,9,0.97,True,late
INV-10484,CL-1033,Consulting,276200.0,45,2,10,5,46,27.6,0.05,9,0.79,True,on_time
INV-10485,CL-1034,Photography,142000.0,30,3,4,12,60,19.3,0.05,9,0.99,True,late
INV-10486,CL-1035,Copywriting,225900.0,30,1,12,6,52,21.7,0.05,9,1.05,True,late
INV-10487,CL-1036,Design,469700.0,15,5,5,1,33,25.6,0.05,9,1.34,True,on_time
INV-10488,CL-1037,Development,123200.0,45,4,24,7,37,22.7,0.05,9,0.86,True,on_time
INV-10489,CL-1038,Marketing,191200.0,30,1,13,10,31,26.1,0.05,9,0.85,True,on_time
INV-10490,CL-1039,Consulting,23000.0,45,5,11,5,62,38.9,0.167,9,0.57,True,on_time
INV-10491,CL-1040,Photography,63200.0,45,5,16,8,21,23.9,0.05,9,1.32,True,on_time
INV-10492,CL-1041,Copywriting,131200.0,30,1,5,12,69,45.7,0.167,9,0.71,True,very_late
INV-10493,CL-1042,Design,127800.0,45,5,2,9,4,34.7,0.167,9,1.0,True,on_time
INV-10494,CL-1043,Development,230200.0,15,6,22,1,0,18.1,0.05,9,1.69,True,on_time
INV-10495,CL-1044,Marketing,148100.0,45,1,3,12,19,46.2,0.167,9,0.93,True,very_late
INV-10496,CL-1045,Consulting,77400.0,45,3,12,1,79,17.3,0.05,9,1.07,True,late
INV-10497,CL-1046,Photography,22000.0,45,3,22,8,2,63.5,0.833,9,0.92,True,very_late
INV-10498,CL-1047,Copywriting,84500.0,45,3,1,1,67,17.9,0.05,9,0.7,True,late
INV-10499,CL-1048,Design,435300.0,45,2,1,9,89,22.9,0.05,9,1.88,True,very_late
INV-10500,CL-1049,Development,286600.0,15,0,4,9,19,19.1,0.05,9,0.82,True,on_time
INV-10501,CL-1000,Design,39200.0,45,4,9,6,34,23.0,0.05,10,1.63,True,on_time
INV-10502,CL-1001,Development,122500.0,15,2,13,8,72,14.4,0.05,10,1.02,True,very_late
INV-10503,CL-1002,Marketing,71500.0,45,1,10,11,10,17.9,0.05,10,1.28,True,on_time
INV-10504,CL-1003,Consulting,142300.0,45,6,2,2,51,17.1,0.05,10,1.37,True,on_time
INV-10505,CL-1004,Photography,57800.0,45,3,2,11,1,56.0,0.167,10,1.45,True,on_time
INV-10506,CL-1005,Copywriting,63400.0,15,3,28,7,82,23.5,0.05,10,1.58,True,very_late
INV-10507,CL-1006,Design,181900.0,45,6,4,9,5,58.4,0.333,10,2.07,True,very_late
INV-10508,CL-1007,Development,205600.0,45,4,16,5,5,33.0,0.167,10,1.84,True,on_time
INV-10509,CL-1008,Marketing,165600.0,45,2,18,10,84,19.9,0.05,10,0.8,True,late
INV-10510,CL-1009,Consulting,57200.0,30,0,7,10,18,14.4,0.05,10,0.89,True,on_time
INV-10511,CL-1010,Photography,76900.0,45,6,13,2,38,48.3,0.9,10,1.2,True,very_late
INV-10512,CL-1011,Copywriting,71400.0,15,4,27,7,86,21.1,0.05,10,0.99,True,very_late
INV-10513,CL-1012,Design,117200.0,30,3,25,12,17,14.4,0.05,10,1.83,True,on_time
INV-10514,CL-1013,Development,24300.0,45,5,3,9,44,67.0,0.9,10,1.01,True,very_late
INV-10515,CL-1014,Marketing,198300.0,30,1,27,2,43,23.1,0.05,10,1.24,True,on_time
INV-10516,CL-1015,Consulting,80400.0,45,4,13,6,3,21.6,0.05,10,0.91,True,on_time
INV-10517,CL-1016,Photography,92000.0,30,3,8,6,70,17.1,0.05,10,1.15,True,very_late
INV-10518,CL-1017,Copywriting,20300.0,30,1,22,10,84,22.2,0.05,10,0.85,True,very_late
INV-10519,CL-1018,Design,104200.0,45,2,26,4,9,25.3,0.05,10,0.65,True,on_time
INV-10520,CL-1019,Development,26000.0,15,3,23,11,19,45.1,0.9,10,1.08,True,late
INV-10521,CL-1020,Marketing,500000.0,30,2,4,2,0,25.3,0.05,10,1.74,True,on_time
INV-10522,CL-1021,Consulting,140000.0,30,2,25,5,13,55.5,0.5,10,1.46,True,very_late
INV-10523,CL-1022,Photography,22600.0,15,3,15,9,71,18.8,0.05,10,0.94,True,very_late
INV-10524,CL-1023,Copywriting,110600.0,15,0,3,6,70,16.2,0.05,10,1.26,True,very_late
INV-10525,CL-1024,Design,375600.0,45,6,11,7,1,27.4,0.05,10,1.68,True,late
INV-10526,CL-1025,Development,115700.0,30,6,3,12,71,18.7,0.05,10,0.8,True,very_late
INV-10527,CL-1026,Marketing,199700.0,15,4,17,3,87,15.3,0.05,10,1.19,True,very_late
INV-10528,CL-1027,Consulting,13200.0,15,2,10,5,63,46.5,0.833,10,0.82,True,very_late
INV-10529,CL-1028,Photography,237900.0,15,3,9,7,38,25.9,0.05,10,0.99,True,late
INV-10530,CL-1029,Copywriting,193500.0,15,2,9,4,80,22.5,0.05,10,1.21,True,very_late
INV-10531,CL-1030,Design,458500.0,45,1,15,2,17,25.3,0.05,10,1.31,True,on_time
INV-10532,CL-1031,Development,203300.0,30,2,27,10,48,24.2,0.05,10,1.49,True,on_time
INV-10533,CL-1032,Marketing,21100.0,30,3,11,7,83,53.0,0.167,10,0.88,True,very_late
INV-10534,CL-1033,Consulting,222500.0,15,2,11,10,88,27.6,0.05,10,0.64,True,very_late
INV-10535,CL-1034,Photography,122300.0,30,1,13,6,37,19.3,0.05,10,0.85,True,on_time
INV-10536,CL-1035,Copywriting,212500.0,45,3,19,4,41,21.7,0.05,10,0.98,True,on_time
INV-10537,CL-1036,Design,359500.0,30,2,4,10,25,25.6,0.05,10,1.03,True,on_time
INV-10538,CL-1037,Development,204100.0,45,1,22,9,3,22.7,0.05,10,1.42,True,on_time
INV-10539,CL-1038,Marketing,129900.0,30,5,7,8,37,26.1,0.05,10,0.58,True,on_time
INV-10540,CL-1039,Consulting,67600.0,15,6,28,7,86,38.9,0.167,10,1.69,True,very_late
INV-10541,CL-1040,Photography,42500.0,45,2,8,5,84,23.9,0.05,10,0.89,True,very_late
INV-10542,CL-1041,Copywriting,164400.0,30,6,13,2,57,45.7,0.167,10,0.89,True,late
INV-10543,CL-1042,Design,146300.0,30,4,13,9,64,34.7,0.167,10,1.14,True,late
INV-10544,CL-1043,Development,195000.0,45,3,18,1,46,18.1,0.05,10,1.43,True,on_time
INV-10545,CL-1044,Marketing,146100.0,45,4,21,2,13,46.2,0.167,10,0.91,True,on_time
INV-10546,CL-1045,Consulting,70200.0,45,5,12,3,82,17.3,0.05,10,0.97,True,very_late
INV-10547,CL-1046,Photography,31000.0,45,5,22,11,51,63.5,0.833,10,1.29,True,on_time
INV-10548,CL-1047,Copywriting,155100.0,30,6,14,2,1,17.9,0.05,10,1.29,True,on_time
INV-10549,CL-1048,Design,238500.0,15,4,24,9,71,22.9,0.05,10,1.03,True,very_late
INV-10550,CL-1049,Development,482300.0,45,1,15,6,50,19.1,0.05,10,1.38,True,on_time
INV-10551,CL-1000,Design,34000.0,45,4,23,9,19,23.0,0.05,11,1.42,True,on_time
INV-10552,CL-1001,Development,249200.0,15,3,4,5,53,14.4,0.05,11,2.08,True,very_late
INV-10553,CL-1002,Marketing,82500.0,15,0,27,12,18,17.9,0.05,11,1.47,True,on_time
INV-10554,CL-1003,Consulting,128900.0,30,3,26,4,66,17.1,0.05,11,1.24,True,very_late
INV-10555,CL-1004,Photography,32200.0,30,0,15,12,89,56.0,0.167,11,0.81,True,very_late
INV-10556,CL-1005,Copywriting,37400.0,15,2,2,12,14,23.5,0.05,11,0.94,True,very_late
INV-10557,CL-1006,Design,119300.0,30,5,4,11,21,58.4,0.333,11,1.36,True,on_time
INV-10558,CL-1007,Development,118100.0,45,1,17,3,70,33.0,0.167,11,1.05,True,late
INV-10559,CL-1008,Marketing,482400.0,45,3,15,4,51,19.9,0.05,11,2.32,True,on_time
INV-10560,CL-1009,Consulting,68700.0,15,5,22,7,50,14.4,0.05,11,1.07,True,very_late
INV-10561,CL-1010,Photography,94200.0,45,1,15,10,54,48.3,0.9,11,1.47,True,very_late
INV-10562,CL-1011,Copywriting,90000.0,45,1,7,5,90,21.1,0.05,11,1.25,True,very_late
INV-10563,CL-1012,Design,113400.0,15,4,4,9,23,14.4,0.05,11,1.77,True,on_time
INV-10564,CL-1013,Development,26700.0,15,3,4,5,85,67.0,0.9,11,1.11,True,very_late
INV-10565,CL-1014,Marketing,156400.0,45,5,11,10,49,23.1,0.05,11,0.98,True,on_time
INV-10566,CL-1015,Consulting,98500.0,45,0,12,6,58,21.6,0.05,11,1.12,True,on_time
INV-10567,CL-1016,Photography,140700.0,45,5,26,5,78,17.1,0.05,11,1.76,True,late
INV-10568,CL-1017,Copywriting,22000.0,45,1,11,2,30,22.2,0.05,11,0.92,True,on_time
INV-10569,CL-1018,Design,242600.0,15,2,23,3,65,25.3,0.05,11,1.52,True,very_late
INV-10570,CL-1019,Development,29600.0,45,1,19,7,54,45.1,0.9,11,1.23,True,very_late
INV-10571,CL-1020,Marketing,259500.0,45,4,23,11,22,25.3,0.05,11,0.9,True,on_time
INV-10572,CL-1021,Consulting,91100.0,30,2,5,3,40,55.5,0.5,11,0.95,True,on_time
INV-10573,CL-1022,Photography,22600.0,45,0,28,6,1,18.8,0.05,11,0.94,True,on_time
INV-10574,CL-1023,Copywriting,60000.0,15,6,13,9,64,16.2,0.05,11,0.68,True,very_late
INV-10575,CL-1024,Design,391400.0,30,5,16,7,90,27.4,0.05,11,1.75,True,very_late
INV-10576,CL-1025,Development,101800.0,30,1,3,10,3,18.7,0.05,11,0.71,True,on_time
INV-10577,CL-1026,Marketing,134300.0,15,2,2,5,28,15.3,0.05,11,0.8,True,on_time
INV-10578,CL-1027,Consulting,28400.0,15,6,15,10,63,46.5,0.833,11,1.77,True,late
INV-10579,CL-1028,Photography,188600.0,15,4,4,5,69,25.9,0.05,11,0.79,True,very_late
INV-10580,CL-1029,Copywriting,225600.0,30,4,27,1,56,22.5,0.05,11,1.41,True,late
INV-10581,CL-1030,Design,145900.0,30,0,24,11,31,25.3,0.05,11,0.42,True,on_time
INV-10582,CL-1031,Development,83600.0,15,3,9,6,11,24.2,0.05,11,0.61,True,on_time
INV-10583,CL-1032,Marketing,34300.0,15,6,26,4,26,53.0,0.167,11,1.43,True,on_time
INV-10584,CL-1033,Consulting,500000.0,45,5,12,12,78,27.6,0.05,11,1.43,True,late
INV-10585,CL-1034,Photography,177300.0,15,4,5,4,26,19.3,0.05,11,1.23,True,on_time
INV-10586,CL-1035,Copywriting,281700.0,45,2,18,5,76,21.7,0.05,11,1.3,True,late
INV-10587,CL-1036,Design,363000.0,30,5,10,5,73,25.6,0.05,11,1.04,True,very_late
INV-10588,CL-1037,Development,110600.0,45,5,27,2,17,22.7,0.05,11,0.77,True,on_time
INV-10589,CL-1038,Marketing,123900.0,30,0,9,11,16,26.1,0.05,11,0.55,True,on_time
INV-10590,CL-1039,Consulting,28300.0,15,1,5,12,41,38.9,0.167,11,0.71,True,late
INV-10591,CL-1040,Photography,51100.0,45,3,16,3,73,23.9,0.05,11,1.06,True,late
INV-10592,CL-1041,Copywriting,253700.0,45,3,13,8,9,45.7,0.167,11,1.38,True,on_time
INV-10593,CL-1042,Design,90500.0,15,3,17,12,35,34.7,0.167,11,0.71,True,on_time
INV-10594,CL-1043,Development,96400.0,30,3,16,6,74,18.1,0.05,11,0.71,True,very_late
INV-10595,CL-1044,Marketing,194000.0,45,0,24,8,81,46.2,0.167,11,1.21,True,very_late
INV-10596,CL-1045,Consulting,74700.0,30,6,3,9,50,17.3,0.05,11,1.04,True,on_time
INV-10597,CL-1046,Photography,19400.0,30,6,7,8,34,63.5,0.833,11,0.81,True,very_late
INV-10598,CL-1047,Copywriting,68700.0,30,2,18,10,16,17.9,0.05,11,0.57,True,on_time
INV-10599,CL-1048,Design,230400.0,30,6,11,11,6,22.9,0.05,11,0.99,True,late
INV-10600,CL-1049,Development,378500.0,45,6,27,8,2,19.1,0.05,11,1.08,True,on_time
INV-10601,CL-1000,Design,25100.0,15,3,15,1,54,23.0,0.05,12,1.05,True,very_late
INV-10602,CL-1001,Development,125200.0,45,1,21,5,20,14.4,0.05,12,1.04,True,on_time
INV-10603,CL-1002,Marketing,57000.0,30,0,21,6,32,17.9,0.05,12,1.02,True,on_time
INV-10604,CL-1003,Consulting,81300.0,45,5,6,1,50,17.1,0.05,12,0.78,True,on_time
INV-10605,CL-1004,Photography,24500.0,45,5,25,4,54,56.0,0.167,12,0.61,True,on_time
INV-10606,CL-1005,Copywriting,25900.0,45,0,1,4,61,23.5,0.05,12,0.65,True,on_time
INV-10607,CL-1006,Design,68400.0,45,1,17,11,56,58.4,0.333,12,0.78,True,very_late
INV-10608,CL-1007,Development,101000.0,45,2,27,2,54,33.0,0.167,12,0.9,True,on_time
INV-10609,CL-1008,Marketing,164300.0,30,0,8,7,11,19.9,0.05,12,0.79,True,on_time
INV-10610,CL-1009,Consulting,47800.0,15,0,11,6,38,14.4,0.05,12,0.75,True,late
INV-10611,CL-1010,Photography,42200.0,15,5,22,3,8,48.3,0.9,12,0.66,True,late
INV-10612,CL-1011,Copywriting,89900.0,15,4,21,3,56,21.1,0.05,12,1.25,True,very_late
INV-10613,CL-1012,Design,60000.0,15,5,24,3,52,14.4,0.05,12,0.94,True,very_late
INV-10614,CL-1013,Development,24400.0,30,6,7,2,12,67.0,0.9,12,1.02,True,very_late
INV-10615,CL-1014,Marketing,224200.0,15,4,24,7,44,23.1,0.05,12,1.4,True,late
INV-10616,CL-1015,Consulting,72400.0,30,6,5,4,35,21.6,0.05,12,0.82,True,on_time
INV-10617,CL-1016,Photography,77600.0,15,4,20,10,77,17.1,0.05,12,0.97,True,very_late
INV-10618,CL-1017,Copywriting,18100.0,45,0,28,11,38,22.2,0.05,12,0.75,True,on_time
INV-10619,CL-1018,Design,287800.0,45,4,7,12,50,25.3,0.05,12,1.8,True,on_time
INV-10620,CL-1019,Development,29300.0,15,6,26,4,63,45.1,0.9,12,1.22,True,very_late
INV-10621,CL-1020,Marketing,252200.0,15,3,21,10,9,25.3,0.05,12,0.88,True,on_time
INV-10622,CL-1021,Consulting,78300.0,15,2,11,3,49,55.5,0.5,12,0.82,True,late
INV-10623,CL-1022,Photography,19100.0,45,3,12,9,87,18.8,0.05,12,0.8,True,very_late
INV-10624,CL-1023,Copywriting,89100.0,30,6,3,1,75,16.2,0.05,12,1.01,True,very_late
INV-10625,CL-1024,Design,243100.0,30,1,2,1,50,27.4,0.05,12,1.09,True,on_time
INV-10626,CL-1025,Development,161700.0,45,5,17,7,54,18.7,0.05,12,1.12,True,on_time
INV-10627,CL-1026,Marketing,83600.0,15,5,18,9,78,15.3,0.05,12,0.5,True,very_late
INV-10628,CL-1027,Consulting,24600.0,15,2,3,9,26,46.5,0.833,12,1.54,True,on_time
INV-10629,CL-1028,Photography,431000.0,15,4,11,7,75,25.9,0.05,12,1.8,True,very_late
INV-10630,CL-1029,Copywriting,125000.0,45,5,21,2,39,22.5,0.05,12,0.78,True,on_time
INV-10631,CL-1030,Design,425500.0,45,6,8,1,31,25.3,0.05,12,1.22,True,on_time
INV-10632,CL-1031,Development,164200.0,30,0,15,10,77,24.2,0.05,12,1.21,True,very_late
INV-10633,CL-1032,Marketing,25500.0,45,5,22,12,22,53.0,0.167,12,1.06,True,on_time
INV-10634,CL-1033,Consulting,336600.0,45,1,23,1,20,27.6,0.05,12,0.96,True,on_time
INV-10635,CL-1034,Photography,111300.0,30,4,17,12,33,19.3,0.05,12,0.77,True,on_time
INV-10636,CL-1035,Copywriting,316500.0,15,5,25,5,15,21.7,0.05,12,1.47,True,on_time
INV-10637,CL-1036,Design,238800.0,15,2,26,7,34,25.6,0.05,12,0.68,True,on_time
INV-10638,CL-1037,Development,220200.0,30,5,19,11,9,22.7,0.05,12,1.53,True,on_time
INV-10639,CL-1038,Marketing,500000.0,45,2,2,8,72,26.1,0.05,12,2.23,True,late
INV-10640,CL-1039,Consulting,42800.0,15,2,25,2,73,38.9,0.167,12,1.07,True,very_late
INV-10641,CL-1040,Photography,50300.0,15,1,24,9,0,23.9,0.05,12,1.05,True,late
INV-10642,CL-1041,Copywriting,235800.0,15,1,2,8,46,45.7,0.167,12,1.28,True,late
INV-10643,CL-1042,Design,97200.0,15,1,28,1,70,34.7,0.167,12,0.76,True,very_late
INV-10644,CL-1043,Development,71500.0,45,5,21,7,28,18.1,0.05,12,0.53,True,on_time
INV-10645,CL-1044,Marketing,108700.0,30,5,11,5,9,46.2,0.167,12,0.68,True,on_time
INV-10646,CL-1045,Consulting,82500.0,15,4,22,1,22,17.3,0.05,12,1.15,True,late
INV-10647,CL-1046,Photography,23900.0,45,0,13,2,59,63.5,0.833,12,1.0,True,very_late
INV-10648,CL-1047,Copywriting,123500.0,30,2,3,9,58,17.9,0.05,12,1.03,True,very_late
INV-10649,CL-1048,Design,320000.0,15,2,19,5,79,22.9,0.05,12,1.38,True,very_late
INV-10650,CL-1049,Development,384300.0,30,4,16,4,69,19.1,0.05,12,1.1,True,very_late
INV-10651,CL-1000,Design,19000.0,15,1,1,7,3,23.0,0.05,13,0.79,True,on_time
INV-10652,CL-1001,Development,112900.0,30,5,27,12,1,14.4,0.05,13,0.94,True,on_time
INV-10653,CL-1002,Marketing,67600.0,15,6,22,7,39,17.9,0.05,13,1.21,True,late
INV-10654,CL-1003,Consulting,105000.0,45,1,14,8,7,17.1,0.05,13,1.01,True,on_time
INV-10655,CL-1004,Photography,58500.0,15,5,9,2,5,56.0,0.167,13,1.46,True,on_time
INV-10656,CL-1005,Copywriting,39700.0,45,3,23,6,58,23.5,0.05,13,0.99,True,on_time
INV-10657,CL-1006,Design,143200.0,15,4,4,9,17,58.4,0.333,13,1.63,True,on_time
INV-10658,CL-1007,Development,112400.0,30,0,19,10,7,33.0,0.167,13,1.0,True,on_time
INV-10659,CL-1008,Marketing,143300.0,15,1,10,5,40,19.9,0.05,13,0.69,True,late
INV-10660,CL-1009,Consulting,51700.0,30,5,27,12,41,14.4,0.05,13,0.81,True,on_time
INV-10661,CL-1010,Photography,65300.0,30,1,3,4,17,48.3,0.9,13,1.02,True,late
INV-10662,CL-1011,Copywriting,70200.0,45,0,5,2,21,21.1,0.05,13,0.97,True,on_time
INV-10663,CL-1012,Design,65500.0,30,3,4,9,45,14.4,0.05,13,1.02,True,on_time
INV-10664,CL-1013,Development,17300.0,15,3,10,8,33,67.0,0.9,13,0.72,True,on_time
INV-10665,CL-1014,Marketing,104800.0,15,1,26,11,38,23.1,0.05,13,0.66,True,late
INV-10666,CL-1015,Consulting,150400.0,45,4,2,4,41,21.6,0.05,13,1.71,True,late
INV-10667,CL-1016,Photography,74200.0,45,1,12,7,65,17.1,0.05,13,0.93,True,very_late
INV-10668,CL-1017,Copywriting,25300.0,30,2,27,3,3,22.2,0.05,13,1.05,True,on_time
INV-10669,CL-1018,Design,129100.0,30,4,24,9,31,25.3,0.05,13,0.81,True,on_time
INV-10670,CL-1019,Development,21000.0,15,6,26,3,15,45.1,0.9,13,0.88,True,very_late
INV-10671,CL-1020,Marketing,304600.0,15,1,7,7,47,25.3,0.05,13,1.06,True,late
INV-10672,CL-1021,Consulting,111900.0,45,0,19,10,33,55.5,0.5,13,1.17,True,on_time
INV-10673,CL-1022,Photography,33500.0,15,0,3,4,82,18.8,0.05,13,1.4,True,very_late
INV-10674,CL-1023,Copywriting,36000.0,15,0,28,6,15,16.2,0.05,13,0.41,True,late
INV-10675,CL-1024,Design,138800.0,30,0,6,10,55,27.4,0.05,13,0.62,True,late
INV-10676,CL-1025,Development,95600.0,30,3,1,7,87,18.7,0.05,13,0.66,True,very_late
INV-10677,CL-1026,Marketing,203100.0,30,1,6,5,35,15.3,0.05,13,1.21,True,on_time
INV-10678,CL-1027,Consulting,13100.0,15,0,20,10,78,46.5,0.833,13,0.82,True,very_late
INV-10679,CL-1028,Photography,198200.0,30,3,14,9,61,25.9,0.05,13,0.83,True,late
INV-10680,CL-1029,Copywriting,95400.0,30,3,5,7,25,22.5,0.05,13,0.6,True,on_time
INV-10681,CL-1030,Design,348100.0,45,1,21,9,2,25.3,0.05,13,0.99,True,on_time
INV-10682,CL-1031,Development,141800.0,45,2,16,9,62,24.2,0.05,13,1.04,True,on_time
INV-10683,CL-1032,Marketing,36500.0,45,4,11,7,34,53.0,0.167,13,1.52,True,very_late
INV-10684,CL-1033,Consulting,346700.0,30,4,8,1,35,27.6,0.05,13,0.99,True,on_time
INV-10685,CL-1034,Photography,123300.0,30,4,12,10,29,19.3,0.05,13,0.86,True,on_time
INV-10686,CL-1035,Copywriting,203300.0,15,1,22,4,34,21.7,0.05,13,0.94,True,on_time
INV-10687,CL-1036,Design,216500.0,45,0,25,4,73,25.6,0.05,13,0.62,True,late
INV-10688,CL-1037,Development,241000.0,30,2,27,3,22,22.7,0.05,13,1.67,True,on_time
INV-10689,CL-1038,Marketing,177200.0,30,6,24,12,45,26.1,0.05,13,0.79,True,on_time
INV-10690,CL-1039,Consulting,32400.0,15,5,23,6,72,38.9,0.167,13,0.81,True,very_late
INV-10691,CL-1040,Photography,60900.0,45,1,27,8,69,23.9,0.05,13,1.27,True,late
INV-10692,CL-1041,Copywriting,391500.0,30,0,3,1,29,45.7,0.167,13,2.13,True,on_time
INV-10693,CL-1042,Design,166000.0,15,4,16,1,42,34.7,0.167,13,1.3,True,late
INV-10694,CL-1043,Development,214500.0,15,6,5,6,22,18.1,0.05,13,1.58,True,on_time
INV-10695,CL-1044,Marketing,161800.0,30,0,1,3,75,46.2,0.167,13,1.01,True,very_late
INV-10696,CL-1045,Consulting,84600.0,15,6,4,9,46,17.3,0.05,13,1.18,True,late
INV-10697,CL-1046,Photography,48600.0,30,5,22,7,75,63.5,0.833,13,2.02,True,very_late
INV-10698,CL-1047,Copywriting,105600.0,30,2,5,3,55,17.9,0.05,13,0.88,True,late
INV-10699,CL-1048,Design,144800.0,30,5,11,3,90,22.9,0.05,13,0.62,True,very_late
INV-10700,CL-1049,Development,500000.0,45,4,26,6,28,19.1,0.05,13,1.43,True,on_time
INV-10701,CL-1000,Design,16600.0,15,3,10,12,88,23.0,0.05,14,0.69,True,very_late
INV-10702,CL-1001,Development,181700.0,15,5,1,12,73,14.4,0.05,14,1.51,True,very_late
INV-10703,CL-1002,Marketing,79400.0,45,0,6,10,40,17.9,0.05,14,1.42,True,on_time
INV-10704,CL-1003,Consulting,63200.0,45,1,21,10,13,17.1,0.05,14,0.61,True,on_time
INV-10705,CL-1004,Photography,35700.0,15,2,24,2,30,56.0,0.167,14,0.89,True,on_time
INV-10706,CL-1005,Copywriting,63700.0,30,1,21,2,90,23.5,0.05,14,1.59,True,very_late
INV-10707,CL-1006,Design,103200.0,45,2,15,1,33,58.4,0.333,14,1.17,True,very_late
INV-10708,CL-1007,Development,89400.0,45,0,12,5,13,33.0,0.167,14,0.8,True,on_time
INV-10709,CL-1008,Marketing,212200.0,15,3,15,12,53,19.9,0.05,14,1.02,True,very_late
INV-10710,CL-1009,Consulting,109300.0,30,3,13,6,69,14.4,0.05,14,1.71,True,very_late
INV-10711,CL-1010,Photography,77300.0,30,6,28,10,83,48.3,0.9,14,1.21,True,late
INV-10712,CL-1011,Copywriting,63400.0,15,1,15,2,4,21.1,0.05,14,0.88,True,on_time
INV-10713,CL-1012,Design,44400.0,30,2,4,2,43,14.4,0.05,14,0.69,True,on_time
INV-10714,CL-1013,Development,49300.0,30,1,24,2,70,67.0,0.9,14,2.05,True,very_late
INV-10715,CL-1014,Marketing,148100.0,15,2,20,10,61,23.1,0.05,14,0.93,True,very_late
INV-10716,CL-1015,Consulting,98000.0,30,5,6,10,55,21.6,0.05,14,1.11,True,late
INV-10717,CL-1016,Photography,108100.0,15,2,7,4,52,17.1,0.05,14,1.35,True,very_late
INV-10718,CL-1017,Copywriting,22600.0,45,5,18,5,84,22.2,0.05,14,0.94,True,very_late
INV-10719,CL-1018,Design,146700.0,15,0,2,7,73,25.3,0.05,14,0.92,True,very_late
INV-10720,CL-1019,Development,28500.0,30,1,2,6,0,45.1,0.9,14,1.19,True,late
INV-10721,CL-1020,Marketing,363200.0,30,6,22,11,76,25.3,0.05,14,1.26,True,very_late
INV-10722,CL-1021,Consulting,102300.0,15,0,7,3,81,55.5,0.5,14,1.07,True,very_late
INV-10723,CL-1022,Photography,27600.0,15,3,28,2,39,18.8,0.05,14,1.15,True,late
INV-10724,CL-1023,Copywriting,73100.0,30,3,22,5,11,16.2,0.05,14,0.83,True,on_time
INV-10725,CL-1024,Design,345500.0,30,1,12,7,47,27.4,0.05,14,1.54,True,late
INV-10726,CL-1025,Development,160400.0,15,2,15,8,33,18.7,0.05,14,1.11,True,on_time
INV-10727,CL-1026,Marketing,182800.0,30,4,2,3,89,15.3,0.05,14,1.09,True,very_late
INV-10728,CL-1027,Consulting,19500.0,15,5,12,9,52,46.5,0.833,14,1.22,True,very_late
INV-10729,CL-1028,Photography,312400.0,45,1,18,1,49,25.9,0.05,14,1.3,True,on_time
INV-10730,CL-1029,Copywriting,251300.0,30,4,22,8,73,22.5,0.05,14,1.57,True,very_late
INV-10731,CL-1030,Design,333400.0,30,2,3,7,4,25.3,0.05,14,0.95,True,on_time
INV-10732,CL-1031,Development,126400.0,45,6,19,11,79,24.2,0.05,14,0.93,True,late
INV-10733,CL-1032,Marketing,19600.0,30,1,6,4,24,53.0,0.167,14,0.82,True,very_late
INV-10734,CL-1033,Consulting,500000.0,30,0,22,7,25,27.6,0.05,14,1.43,True,on_time
INV-10735,CL-1034,Photography,94800.0,45,1,27,10,33,19.3,0.05,14,0.66,True,on_time
INV-10736,CL-1035,Copywriting,328400.0,45,6,3,2,49,21.7,0.05,14,1.52,True,on_time
INV-10737,CL-1036,Design,334000.0,45,2,28,5,66,25.6,0.05,14,0.95,True,late
INV-10738,CL-1037,Development,109400.0,15,6,23,10,75,22.7,0.05,14,0.76,True,very_late
INV-10739,CL-1038,Marketing,214700.0,30,0,14,3,18,26.1,0.05,14,0.96,True,on_time
INV-10740,CL-1039,Consulting,29300.0,45,6,4,2,72,38.9,0.167,14,0.73,True,late
INV-10741,CL-1040,Photography,61800.0,30,6,18,6,52,23.9,0.05,14,1.29,True,late
INV-10742,CL-1041,Copywriting,336800.0,45,3,19,10,60,45.7,0.167,14,1.83,True,very_late
INV-10743,CL-1042,Design,138500.0,30,3,5,10,77,34.7,0.167,14,1.08,True,very_late
INV-10744,CL-1043,Development,82800.0,30,0,13,6,88,18.1,0.05,14,0.61,True,very_late
INV-10745,CL-1044,Marketing,93800.0,45,3,9,6,2,46.2,0.167,14,0.59,True,on_time
INV-10746,CL-1045,Consulting,59400.0,30,2,9,8,89,17.3,0.05,14,0.82,True,very_late
INV-10747,CL-1046,Photography,19700.0,15,1,10,12,56,63.5,0.833,14,0.82,True,very_late
INV-10748,CL-1047,Copywriting,205900.0,30,2,24,7,77,17.9,0.05,14,1.72,True,very_late
INV-10749,CL-1048,Design,477400.0,15,3,7,7,62,22.9,0.05,14,2.06,True,very_late
INV-10750,CL-1049,Development,500000.0,30,6,2,9,20,19.1,0.05,14,1.43,True,late
INV-10751,CL-1000,Design,31500.0,45,4,13,3,67,23.0,0.05,15,1.31,True,late
INV-10752,CL-1001,Development,90100.0,15,1,7,4,7,14.4,0.05,15,0.75,True,on_time
INV-10753,CL-1002,Marketing,52800.0,30,0,12,12,25,17.9,0.05,15,0.94,True,on_time
INV-10754,CL-1003,Consulting,132700.0,30,4,13,11,15,17.1,0.05,15,1.28,True,on_time
INV-10755,CL-1004,Photography,41300.0,15,2,16,10,57,56.0,0.167,15,1.03,True,very_late
INV-10756,CL-1005,Copywriting,26800.0,30,4,18,6,44,23.5,0.05,15,0.67,True,on_time
INV-10757,CL-1006,Design,68500.0,30,5,27,12,11,58.4,0.333,15,0.78,True,on_time
INV-10758,CL-1007,Development,108800.0,30,0,6,10,27,33.0,0.167,15,0.97,True,on_time
INV-10759,CL-1008,Marketing,353300.0,45,1,22,4,34,19.9,0.05,15,1.7,True,on_time
INV-10760,CL-1009,Consulting,44700.0,45,0,28,11,1,14.4,0.05,15,0.7,True,on_time
INV-10761,CL-1010,Photography,98100.0,15,5,6,10,1,48.3,0.9,15,1.53,True,very_late
INV-10762,CL-1011,Copywriting,66500.0,45,6,10,12,90,21.1,0.05,15,0.92,True,very_late
INV-10763,CL-1012,Design,56200.0,30,3,28,6,58,14.4,0.05,15,0.88,True,late
INV-10764,CL-1013,Development,46400.0,30,2,22,9,79,67.0,0.9,15,1.93,True,very_late
INV-10765,CL-1014,Marketing,134800.0,15,0,17,11,47,23.1,0.05,15,0.84,True,late
INV-10766,CL-1015,Consulting,92400.0,45,4,10,5,87,21.6,0.05,15,1.05,True,very_late
INV-10767,CL-1016,Photography,89600.0,15,2,9,11,41,17.1,0.05,15,1.12,True,late
INV-10768,CL-1017,Copywriting,20400.0,30,5,23,11,38,22.2,0.05,15,0.85,True,on_time
INV-10769,CL-1018,Design,191500.0,45,6,8,1,76,25.3,0.05,15,1.2,True,late
INV-10770,CL-1019,Development,15900.0,30,5,5,12,3,45.1,0.9,15,0.66,True,on_time
INV-10771,CL-1020,Marketing,285200.0,30,2,14,7,49,25.3,0.05,15,0.99,True,on_time
INV-10772,CL-1021,Consulting,171700.0,45,5,19,4,43,55.5,0.5,15,1.79,True,on_time
INV-10773,CL-1022,Photography,19400.0,15,5,18,11,60,18.8,0.05,15,0.81,True,very_late
INV-10774,CL-1023,Copywriting,62000.0,45,2,17,5,21,16.2,0.05,15,0.7,True,on_time
INV-10775,CL-1024,Design,292900.0,45,1,10,2,60,27.4,0.05,15,1.31,True,late
INV-10776,CL-1025,Development,139000.0,30,5,26,9,23,18.7,0.05,15,0.97,True,on_time
INV-10777,CL-1026,Marketing,123600.0,30,5,3,4,45,15.3,0.05,15,0.74,True,on_time
INV-10778,CL-1027,Consulting,14800.0,30,3,26,6,47,46.5,0.833,15,0.93,True,very_late
INV-10779,CL-1028,Photography,330400.0,30,3,28,2,60,25.9,0.05,15,1.38,True,late
INV-10780,CL-1029,Copywriting,269800.0,45,4,19,10,9,22.5,0.05,15,1.69,True,on_time
INV-10781,CL-1030,Design,347400.0,15,4,4,11,48,25.3,0.05,15,0.99,True,late
INV-10782,CL-1031,Development,58200.0,30,0,28,3,17,24.2,0.05,15,0.43,True,on_time
INV-10783,CL-1032,Marketing,31100.0,30,3,19,8,18,53.0,0.167,15,1.3,True,on_time
INV-10784,CL-1033,Consulting,358300.0,45,1,25,2,62,27.6,0.05,15,1.02,True,on_time
INV-10785,CL-1034,Photography,83300.0,15,2,21,1,0,19.3,0.05,15,0.58,True,on_time
INV-10786,CL-1035,Copywriting,285200.0,15,6,25,3,73,21.7,0.05,15,1.32,True,very_late
INV-10787,CL-1036,Design,387900.0,30,6,25,2,16,25.6,0.05,15,1.11,True,on_time
INV-10788,CL-1037,Development,169500.0,45,3,13,7,61,22.7,0.05,15,1.18,True,on_time
INV-10789,CL-1038,Marketing,127300.0,15,4,7,12,47,26.1,0.05,15,0.57,True,late
INV-10790,CL-1039,Consulting,30900.0,30,6,27,9,24,38.9,0.167,15,0.77,True,very_late
INV-10791,CL-1040,Photography,51500.0,15,5,24,4,28,23.9,0.05,15,1.07,True,on_time
INV-10792,CL-1041,Copywriting,128900.0,30,2,5,2,49,45.7,0.167,15,0.7,True,on_time
INV-10793,CL-1042,Design,148700.0,30,1,3,1,38,34.7,0.167,15,1.16,True,on_time
INV-10794,CL-1043,Development,144700.0,30,5,17,10,67,18.1,0.05,15,1.06,True,very_late
INV-10795,CL-1044,Marketing,119800.0,45,1,11,8,45,46.2,0.167,15,0.75,True,on_time
INV-10796,CL-1045,Consulting,49500.0,15,6,13,1,29,17.3,0.05,15,0.69,True,on_time
INV-10797,CL-1046,Photography,28000.0,15,1,24,1,75,63.5,0.833,15,1.17,True,very_late
INV-10798,CL-1047,Copywriting,52500.0,15,2,23,11,4,17.9,0.05,15,0.44,True,on_time
INV-10799,CL-1048,Design,288100.0,45,2,25,9,79,22.9,0.05,15,1.24,True,late
INV-10800,CL-1049,Development,352600.0,15,5,4,11,2,19.1,0.05,15,1.01,True,late
INV-10801,CL-1000,Design,22500.0,15,3,15,7,15,23.0,0.05,16,0.94,True,on_time
INV-10802,CL-1001,Development,95700.0,30,5,5,4,88,14.4,0.05,16,0.8,True,very_late
INV-10803,CL-1002,Marketing,47300.0,15,2,14,11,12,17.9,0.05,16,0.84,True,on_time
INV-10804,CL-1003,Consulting,108600.0,30,4,20,12,17,17.1,0.05,16,1.04,True,on_time
INV-10805,CL-1004,Photography,44800.0,15,4,24,10,15,56.0,0.167,16,1.12,True,on_time
INV-10806,CL-1005,Copywriting,36100.0,15,3,7,10,25,23.5,0.05,16,0.9,True,on_time
INV-10807,CL-1006,Design,119900.0,45,1,12,12,52,58.4,0.333,16,1.36,True,very_late
INV-10808,CL-1007,Development,105100.0,15,4,16,4,88,33.0,0.167,16,0.94,True,very_late
INV-10809,CL-1008,Marketing,230900.0,30,1,1,1,85,19.9,0.05,16,1.11,True,very_late
INV-10810,CL-1009,Consulting,55100.0,15,6,19,11,63,14.4,0.05,16,0.86,True,very_late
INV-10811,CL-1010,Photography,66600.0,15,6,17,2,12,48.3,0.9,16,1.04,True,on_time
INV-10812,CL-1011,Copywriting,99300.0,45,1,15,5,33,21.1,0.05,16,1.38,True,on_time
INV-10813,CL-1012,Design,123300.0,15,6,6,1,37,14.4,0.05,16,1.93,True,late
INV-10814,CL-1013,Development,20500.0,45,2,14,12,14,67.0,0.9,16,0.85,True,very_late
INV-10815,CL-1014,Marketing,163800.0,15,0,28,3,84,23.1,0.05,16,1.02,True,very_late
INV-10816,CL-1015,Consulting,104300.0,30,2,15,10,34,21.6,0.05,16,1.19,True,on_time
INV-10817,CL-1016,Photography,63900.0,15,2,27,6,23,17.1,0.05,16,0.8,True,on_time
INV-10818,CL-1017,Copywriting,21300.0,30,3,9,7,88,22.2,0.05,16,0.89,True,very_late
INV-10819,CL-1018,Design,114500.0,30,5,26,3,14,25.3,0.05,16,0.72,True,on_time
INV-10820,CL-1019,Development,49400.0,45,0,28,3,13,45.1,0.9,16,2.06,True,late
INV-10821,CL-1020,Marketing,290500.0,45,3,26,10,86,25.3,0.05,16,1.01,True,very_late
INV-10822,CL-1021,Consulting,93400.0,45,3,25,6,78,55.5,0.5,16,0.97,True,very_late
INV-10823,CL-1022,Photography,16500.0,45,6,24,3,61,18.8,0.05,16,0.69,True,on_time
INV-10824,CL-1023,Copywriting,82400.0,15,3,15,1,8,16.2,0.05,16,0.94,True,on_time
INV-10825,CL-1024,Design,339400.0,30,0,23,11,67,27.4,0.05,16,1.52,True,very_late
INV-10826,CL-1025,Development,176400.0,45,5,19,4,85,18.7,0.05,16,1.23,True,very_late
INV-10827,CL-1026,Marketing,179800.0,45,4,23,12,79,15.3,0.05,16,1.07,True,late
INV-10828,CL-1027,Consulting,18000.0,45,5,8,8,44,46.5,0.833,16,1.12,True,late
INV-10829,CL-1028,Photography,254600.0,45,3,5,9,78,25.9,0.05,16,1.06,True,very_late
INV-10830,CL-1029,Copywriting,112500.0,45,1,17,8,63,22.5,0.05,16,0.7,True,on_time
INV-10831,CL-1030,Design,500000.0,15,6,16,6,30,25.3,0.05,16,1.43,True,on_time
INV-10832,CL-1031,Development,64700.0,30,0,17,4,70,24.2,0.05,16,0.48,True,very_late
INV-10833,CL-1032,Marketing,37800.0,30,6,8,2,58,53.0,0.167,16,1.57,True,late
INV-10834,CL-1033,Consulting,246700.0,45,3,3,8,57,27.6,0.05,16,0.7,True,on_time
INV-10835,CL-1034,Photography,193300.0,30,5,21,1,13,19.3,0.05,16,1.34,True,on_time
INV-10836,CL-1035,Copywriting,198700.0,15,4,18,1,11,21.7,0.05,16,0.92,True,on_time
INV-10837,CL-1036,Design,305200.0,45,5,10,9,71,25.6,0.05,16,0.87,True,late
INV-10838,CL-1037,Development,253500.0,45,3,11,6,6,22.7,0.05,16,1.76,True,on_time
INV-10839,CL-1038,Marketing,343000.0,30,2,18,10,76,26.1,0.05,16,1.53,True,very_late
INV-10840,CL-1039,Consulting,56700.0,45,2,23,8,14,38.9,0.167,16,1.42,True,late
INV-10841,CL-1040,Photography,55300.0,45,1,1,6,45,23.9,0.05,16,1.15,True,on_time
INV-10842,CL-1041,Copywriting,134100.0,30,4,17,6,89,45.7,0.167,16,0.73,True,late
INV-10843,CL-1042,Design,84700.0,15,3,5,12,52,34.7,0.167,16,0.66,True,late
INV-10844,CL-1043,Development,115600.0,45,1,7,2,50,18.1,0.05,16,0.85,True,on_time
INV-10845,CL-1044,Marketing,176700.0,15,5,11,2,53,46.2,0.167,16,1.1,True,very_late
INV-10846,CL-1045,Consulting,88400.0,45,6,22,10,15,17.3,0.05,16,1.23,True,on_time
INV-10847,CL-1046,Photography,32600.0,30,3,22,10,64,63.5,0.833,16,1.36,True,very_late
INV-10848,CL-1047,Copywriting,125400.0,30,0,17,12,6,17.9,0.05,16,1.04,True,on_time
INV-10849,CL-1048,Design,163500.0,30,6,19,8,65,22.9,0.05,16,0.7,True,late
INV-10850,CL-1049,Development,419000.0,15,5,19,3,16,19.1,0.05,16,1.2,True,on_time
INV-10851,CL-1000,Design,27100.0,45,4,20,6,64,23.0,0.05,17,1.13,True,on_time
INV-10852,CL-1001,Development,149900.0,30,4,23,4,35,14.4,0.05,17,1.25,True,on_time
INV-10853,CL-1002,Marketing,64600.0,30,2,15,3,17,17.9,0.05,17,1.15,True,on_time
INV-10854,CL-1003,Consulting,131600.0,45,5,17,5,89,17.1,0.05,17,1.27,True,very_late
INV-10855,CL-1004,Photography,38200.0,30,5,24,9,80,56.0,0.167,17,0.95,True,very_late
INV-10856,CL-1005,Copywriting,58900.0,15,4,23,5,87,23.5,0.05,17,1.47,True,very_late
INV-10857,CL-1006,Design,41100.0,45,1,23,11,22,58.4,0.333,17,0.47,True,on_time
INV-10858,CL-1007,Development,92900.0,45,5,11,12,14,33.0,0.167,17,0.83,True,on_time
INV-10859,CL-1008,Marketing,233600.0,45,3,19,10,85,19.9,0.05,17,1.12,True,very_late
INV-10860,CL-1009,Consulting,82000.0,45,5,27,9,36,14.4,0.05,17,1.28,True,on_time
INV-10861,CL-1010,Photography,76600.0,30,6,1,9,13,48.3,0.9,17,1.2,True,very_late
INV-10862,CL-1011,Copywriting,93200.0,15,0,22,1,25,21.1,0.05,17,1.29,True,on_time
INV-10863,CL-1012,Design,46100.0,15,2,22,5,18,14.4,0.05,17,0.72,True,on_time
INV-10864,CL-1013,Development,19900.0,45,6,10,4,69,67.0,0.9,17,0.83,True,very_late
INV-10865,CL-1014,Marketing,181900.0,30,0,20,11,71,23.1,0.05,17,1.14,True,very_late
INV-10866,CL-1015,Consulting,81400.0,45,5,18,7,30,21.6,0.05,17,0.93,True,on_time
INV-10867,CL-1016,Photography,79500.0,45,2,23,11,6,17.1,0.05,17,0.99,True,on_time
INV-10868,CL-1017,Copywriting,31800.0,30,3,26,11,40,22.2,0.05,17,1.32,True,on_time
INV-10869,CL-1018,Design,110700.0,15,0,24,5,25,25.3,0.05,17,0.69,True,on_time
INV-10870,CL-1019,Development,33500.0,30,6,8,11,90,45.1,0.9,17,1.4,True,late
INV-10871,CL-1020,Marketing,277700.0,30,6,19,9,77,25.3,0.05,17,0.96,True,very_late
INV-10872,CL-1021,Consulting,98400.0,45,1,10,8,22,55.5,0.5,17,1.02,True,on_time
INV-10873,CL-1022,Photography,17300.0,15,1,6,12,65,18.8,0.05,17,0.72,True,very_late
INV-10874,CL-1023,Copywriting,123800.0,15,3,9,9,33,16.2,0.05,17,1.41,True,on_time
INV-10875,CL-1024,Design,239400.0,45,6,9,1,42,27.4,0.05,17,1.07,True,on_time
INV-10876,CL-1025,Development,55900.0,15,0,5,6,76,18.7,0.05,17,0.39,True,very_late
INV-10877,CL-1026,Marketing,133600.0,45,4,27,11,38,15.3,0.05,17,0.8,True,on_time
INV-10878,CL-1027,Consulting,19100.0,45,4,12,2,90,46.5,0.833,17,1.19,True,very_late
INV-10879,CL-1028,Photography,228700.0,15,1,17,2,64,25.9,0.05,17,0.95,True,very_late
INV-10880,CL-1029,Copywriting,281300.0,45,4,13,2,44,22.5,0.05,17,1.76,True,late
INV-10881,CL-1030,Design,500000.0,15,5,11,6,46,25.3,0.05,17,1.43,True,late
INV-10882,CL-1031,Development,139600.0,45,4,16,9,83,24.2,0.05,17,1.03,True,very_late
INV-10883,CL-1032,Marketing,22000.0,45,2,15,4,82,53.0,0.167,17,0.92,True,very_late
INV-10884,CL-1033,Consulting,500000.0,45,1,2,11,41,27.6,0.05,17,1.43,True,on_time
INV-10885,CL-1034,Photography,150300.0,15,3,9,9,36,19.3,0.05,17,1.04,True,very_late
INV-10886,CL-1035,Copywriting,219300.0,45,6,25,6,65,21.7,0.05,17,1.02,True,on_time
INV-10887,CL-1036,Design,281500.0,30,3,2,5,83,25.6,0.05,17,0.8,True,very_late
INV-10888,CL-1037,Development,111000.0,45,0,4,3,68,22.7,0.05,17,0.77,True,late
INV-10889,CL-1038,Marketing,180800.0,45,0,7,11,80,26.1,0.05,17,0.81,True,late
INV-10890,CL-1039,Consulting,34400.0,45,3,27,2,26,38.9,0.167,17,0.86,True,on_time
INV-10891,CL-1040,Photography,29300.0,45,5,25,7,82,23.9,0.05,17,0.61,True,very_late
INV-10892,CL-1041,Copywriting,108700.0,15,5,22,3,3,45.7,0.167,17,0.59,True,on_time
INV-10893,CL-1042,Design,131700.0,30,0,3,2,6,34.7,0.167,17,1.03,True,on_time
INV-10894,CL-1043,Development,122100.0,30,4,3,10,29,18.1,0.05,17,0.9,True,on_time
INV-10895,CL-1044,Marketing,178900.0,30,3,15,11,51,46.2,0.167,17,1.12,True,late
INV-10896,CL-1045,Consulting,37400.0,15,3,22,2,68,17.3,0.05,17,0.52,True,very_late
INV-10897,CL-1046,Photography,22700.0,45,4,3,12,74,63.5,0.833,17,0.95,True,very_late
INV-10898,CL-1047,Copywriting,129300.0,15,2,17,2,37,17.9,0.05,17,1.08,True,late
INV-10899,CL-1048,Design,207500.0,30,4,3,5,56,22.9,0.05,17,0.89,True,late
INV-10900,CL-1049,Development,500000.0,45,0,16,3,68,19.1,0.05,17,1.43,True,late
INV-10901,CL-1000,Design,46700.0,45,3,26,9,37,23.0,0.05,18,1.95,True,on_time
INV-10902,CL-1001,Development,93600.0,15,2,22,12,82,14.4,0.05,18,0.78,True,very_late
INV-10903,CL-1002,Marketing,29800.0,15,4,28,9,18,17.9,0.05,18,0.53,True,on_time
INV-10904,CL-1003,Consulting,114200.0,15,4,20,7,68,17.1,0.05,18,1.1,True,very_late
INV-10905,CL-1004,Photography,23000.0,15,2,7,12,44,56.0,0.167,18,0.57,True,late
INV-10906,CL-1005,Copywriting,33800.0,45,6,17,3,20,23.5,0.05,18,0.84,True,on_time
INV-10907,CL-1006,Design,154700.0,45,6,9,4,14,58.4,0.333,18,1.76,True,very_late
INV-10908,CL-1007,Development,102000.0,45,6,2,9,59,33.0,0.167,18,0.91,True,on_time
INV-10909,CL-1008,Marketing,97900.0,15,2,22,2,32,19.9,0.05,18,0.47,True,on_time
INV-10910,CL-1009,Consulting,59400.0,45,4,16,6,45,14.4,0.05,18,0.93,True,on_time
INV-10911,CL-1010,Photography,61100.0,45,1,4,5,79,48.3,0.9,18,0.95,True,very_late
INV-10912,CL-1011,Copywriting,66600.0,15,2,16,8,42,21.1,0.05,18,0.93,True,late
INV-10913,CL-1012,Design,67900.0,30,5,19,3,72,14.4,0.05,18,1.06,True,very_late
INV-10914,CL-1013,Development,16400.0,30,3,6,1,40,67.0,0.9,18,0.68,True,very_late
INV-10915,CL-1014,Marketing,154600.0,15,5,24,11,55,23.1,0.05,18,0.97,True,very_late
INV-10916,CL-1015,Consulting,112800.0,30,1,22,12,42,21.6,0.05,18,1.28,True,on_time
INV-10917,CL-1016,Photography,111700.0,30,3,12,5,62,17.1,0.05,18,1.4,True,late
INV-10918,CL-1017,Copywriting,19400.0,15,5,20,2,35,22.2,0.05,18,0.81,True,on_time
INV-10919,CL-1018,Design,107200.0,15,4,7,5,80,25.3,0.05,18,0.67,True,very_late
INV-10920,CL-1019,Development,23700.0,15,0,28,9,80,45.1,0.9,18,0.99,True,very_late
INV-10921,CL-1020,Marketing,275300.0,45,4,13,10,27,25.3,0.05,18,0.96,True,on_time
INV-10922,CL-1021,Consulting,79200.0,45,2,18,9,60,55.5,0.5,18,0.82,True,on_time
INV-10923,CL-1022,Photography,25400.0,15,2,13,4,75,18.8,0.05,18,1.06,True,very_late
INV-10924,CL-1023,Copywriting,137000.0,30,1,15,9,65,16.2,0.05,18,1.56,True,late
INV-10925,CL-1024,Design,314500.0,30,4,1,11,30,27.4,0.05,18,1.4,True,on_time
INV-10926,CL-1025,Development,114900.0,45,5,6,9,17,18.7,0.05,18,0.8,True,on_time
INV-10927,CL-1026,Marketing,110600.0,15,4,19,11,18,15.3,0.05,18,0.66,True,on_time
INV-10928,CL-1027,Consulting,22700.0,30,2,2,4,62,46.5,0.833,18,1.42,True,very_late
INV-10929,CL-1028,Photography,390700.0,30,2,8,1,85,25.9,0.05,18,1.63,True,very_late
INV-10930,CL-1029,Copywriting,177000.0,30,3,16,8,5,22.5,0.05,18,1.11,True,late
INV-10931,CL-1030,Design,333900.0,45,2,4,12,66,25.3,0.05,18,0.95,True,late
INV-10932,CL-1031,Development,179500.0,30,6,24,5,74,24.2,0.05,18,1.32,True,very_late
INV-10933,CL-1032,Marketing,37900.0,15,3,21,7,46,53.0,0.167,18,1.58,True,late
INV-10934,CL-1033,Consulting,500000.0,15,4,9,7,28,27.6,0.05,18,1.43,True,on_time
INV-10935,CL-1034,Photography,98300.0,30,6,28,6,62,19.3,0.05,18,0.68,True,late
INV-10936,CL-1035,Copywriting,146700.0,45,0,17,3,56,21.7,0.05,18,0.68,True,on_time
INV-10937,CL-1036,Design,314200.0,15,4,21,5,27,25.6,0.05,18,0.9,True,on_time
INV-10938,CL-1037,Development,227800.0,15,2,20,12,15,22.7,0.05,18,1.58,True,on_time
INV-10939,CL-1038,Marketing,184000.0,30,6,11,12,14,26.1,0.05,18,0.82,True,on_time
INV-10940,CL-1039,Consulting,22200.0,30,3,7,10,20,38.9,0.167,18,0.56,True,on_time
INV-10941,CL-1040,Photography,67300.0,30,0,8,1,16,23.9,0.05,18,1.4,True,on_time
INV-10942,CL-1041,Copywriting,119500.0,15,1,21,9,5,45.7,0.167,18,0.65,True,on_time
INV-10943,CL-1042,Design,126800.0,15,0,6,5,23,34.7,0.167,18,0.99,True,on_time
INV-10944,CL-1043,Development,102400.0,30,4,19,11,2,18.1,0.05,18,0.75,True,on_time
INV-10945,CL-1044,Marketing,135500.0,45,5,27,5,10,46.2,0.167,18,0.85,True,on_time
INV-10946,CL-1045,Consulting,87200.0,45,3,28,8,21,17.3,0.05,18,1.21,True,on_time
INV-10947,CL-1046,Photography,20600.0,30,4,5,10,23,63.5,0.833,18,0.86,True,very_late
INV-10948,CL-1047,Copywriting,116300.0,45,2,6,12,87,17.9,0.05,18,0.97,True,very_late
INV-10949,CL-1048,Design,211900.0,30,4,19,2,29,22.9,0.05,18,0.91,True,on_time
INV-10950,CL-1049,Development,425900.0,15,0,1,4,66,19.1,0.05,18,1.22,True,very_late
INV-10951,CL-1000,Design,30600.0,45,5,14,3,77,23.0,0.05,19,1.27,True,late
INV-10952,CL-1001,Development,180900.0,30,4,20,1,68,14.4,0.05,19,1.51,True,very_late
INV-10953,CL-1002,Marketing,53900.0,15,0,16,11,16,17.9,0.05,19,0.96,True,on_time
INV-10954,CL-1003,Consulting,60000.0,45,6,1,11,83,17.1,0.05,19,0.58,True,very_late
INV-10955,CL-1004,Photography,26300.0,30,2,28,1,89,56.0,0.167,19,0.66,True,very_late
INV-10956,CL-1005,Copywriting,73400.0,15,6,16,7,44,23.5,0.05,19,1.83,True,late
INV-10957,CL-1006,Design,110000.0,45,6,27,12,73,58.4,0.333,19,1.25,True,very_late
INV-10958,CL-1007,Development,59600.0,15,2,16,4,10,33.0,0.167,19,0.53,True,on_time
INV-10959,CL-1008,Marketing,157900.0,45,3,9,4,0,19.9,0.05,19,0.76,True,on_time
INV-10960,CL-1009,Consulting,60300.0,15,4,17,2,66,14.4,0.05,19,0.94,True,very_late
INV-10961,CL-1010,Photography,32000.0,45,1,23,6,52,48.3,0.9,19,0.5,True,very_late
INV-10962,CL-1011,Copywriting,49500.0,15,3,21,10,32,21.1,0.05,19,0.69,True,on_time
INV-10963,CL-1012,Design,132300.0,45,3,19,6,78,14.4,0.05,19,2.07,True,late
INV-10964,CL-1013,Development,9900.0,45,3,25,4,52,67.0,0.9,19,0.41,True,very_late
INV-10965,CL-1014,Marketing,235200.0,45,3,6,6,71,23.1,0.05,19,1.47,True,late
INV-10966,CL-1015,Consulting,57200.0,30,2,19,6,90,21.6,0.05,19,0.65,True,very_late
INV-10967,CL-1016,Photography,68000.0,15,6,28,11,15,17.1,0.05,19,0.85,True,on_time
INV-10968,CL-1017,Copywriting,60600.0,30,6,23,3,12,22.2,0.05,19,2.52,True,on_time
INV-10969,CL-1018,Design,174900.0,30,6,11,9,78,25.3,0.05,19,1.09,True,very_late
INV-10970,CL-1019,Development,35100.0,45,0,6,7,81,45.1,0.9,19,1.46,True,very_late
INV-10971,CL-1020,Marketing,320800.0,15,6,5,8,76,25.3,0.05,19,1.11,True,very_late
INV-10972,CL-1021,Consulting,105500.0,15,2,8,6,10,55.5,0.5,19,1.1,True,on_time
INV-10973,CL-1022,Photography,29800.0,45,3,13,10,83,18.8,0.05,19,1.24,True,very_late
INV-10974,CL-1023,Copywriting,100400.0,45,4,2,3,81,16.2,0.05,19,1.14,True,very_late
INV-10975,CL-1024,Design,332200.0,15,1,28,11,66,27.4,0.05,19,1.48,True,very_late
INV-10976,CL-1025,Development,77400.0,15,6,20,9,66,18.7,0.05,19,0.54,True,very_late
INV-10977,CL-1026,Marketing,122400.0,45,1,22,1,46,15.3,0.05,19,0.73,True,on_time
INV-10978,CL-1027,Consulting,13000.0,15,1,3,5,51,46.5,0.833,19,0.81,True,very_late
INV-10979,CL-1028,Photography,113700.0,30,3,19,4,66,25.9,0.05,19,0.47,True,very_late
INV-10980,CL-1029,Copywriting,231500.0,45,0,3,9,36,22.5,0.05,19,1.45,True,on_time
INV-10981,CL-1030,Design,343300.0,45,4,12,6,35,25.3,0.05,19,0.98,True,on_time
INV-10982,CL-1031,Development,163200.0,15,3,13,10,0,24.2,0.05,19,1.2,True,on_time
INV-10983,CL-1032,Marketing,29200.0,30,4,4,9,9,53.0,0.167,19,1.22,True,on_time
INV-10984,CL-1033,Consulting,326600.0,30,0,26,9,32,27.6,0.05,19,0.93,True,on_time
INV-10985,CL-1034,Photography,134500.0,45,2,23,8,48,19.3,0.05,19,0.93,True,on_time
INV-10986,CL-1035,Copywriting,265900.0,15,6,11,8,87,21.7,0.05,19,1.23,True,very_late
INV-10987,CL-1036,Design,440300.0,45,6,1,8,14,25.6,0.05,19,1.26,True,on_time
INV-10988,CL-1037,Development,143100.0,30,5,26,4,86,22.7,0.05,19,0.99,True,very_late
INV-10989,CL-1038,Marketing,332000.0,30,3,12,9,68,26.1,0.05,19,1.48,True,very_late
INV-10990,CL-1039,Consulting,30500.0,30,1,10,2,51,38.9,0.167,19,0.76,True,late
INV-10991,CL-1040,Photography,34200.0,30,0,18,3,60,23.9,0.05,19,0.71,True,late
INV-10992,CL-1041,Copywriting,147800.0,15,4,9,3,87,45.7,0.167,19,0.8,True,very_late
INV-10993,CL-1042,Design,178700.0,15,3,24,4,30,34.7,0.167,19,1.4,True,on_time
INV-10994,CL-1043,Development,175300.0,30,1,8,4,31,18.1,0.05,19,1.29,True,on_time
INV-10995,CL-1044,Marketing,127800.0,30,1,25,2,15,46.2,0.167,19,0.8,True,on_time
INV-10996,CL-1045,Consulting,95300.0,45,5,16,10,0,17.3,0.05,19,1.32,True,on_time
INV-10997,CL-1046,Photography,36400.0,45,0,28,8,47,63.5,0.833,19,1.52,True,very_late
INV-10998,CL-1047,Copywriting,135700.0,30,4,28,5,62,17.9,0.05,19,1.13,True,late
INV-10999,CL-1048,Design,229900.0,45,2,13,4,73,22.9,0.05,19,0.99,True,late
INV-11000,CL-1049,Development,330600.0,45,6,14,8,69,19.1,0.05,19,0.94,True,late
INV-11001,CL-1000,Design,18900.0,30,3,28,11,22,23.0,0.05,20,0.79,True,on_time
INV-11002,CL-1001,Development,90900.0,15,5,17,8,40,14.4,0.05,20,0.76,True,late
INV-11003,CL-1002,Marketing,28900.0,15,5,7,7,74,17.9,0.05,20,0.52,True,very_late
INV-11004,CL-1003,Consulting,104000.0,30,4,28,5,23,17.1,0.05,20,1.0,True,on_time
INV-11005,CL-1004,Photography,50400.0,15,2,16,10,43,56.0,0.167,20,1.26,True,late
INV-11006,CL-1005,Copywriting,22800.0,30,3,7,7,89,23.5,0.05,20,0.57,True,very_late
INV-11007,CL-1006,Design,67200.0,30,6,13,5,57,58.4,0.333,20,0.76,True,late
INV-11008,CL-1007,Development,149700.0,15,4,22,4,12,33.0,0.167,20,1.34,True,on_time
INV-11009,CL-1008,Marketing,189600.0,15,4,14,7,25,19.9,0.05,20,0.91,True,on_time
INV-11010,CL-1009,Consulting,79900.0,45,1,16,1,22,14.4,0.05,20,1.25,True,on_time
INV-11011,CL-1010,Photography,65400.0,15,6,21,9,68,48.3,0.9,20,1.02,True,late
INV-11012,CL-1011,Copywriting,115900.0,30,2,9,9,72,21.1,0.05,20,1.61,True,late
INV-11013,CL-1012,Design,22200.0,15,5,6,1,27,14.4,0.05,20,0.35,True,on_time
INV-11014,CL-1013,Development,45100.0,30,6,21,2,57,67.0,0.9,20,1.88,True,very_late
INV-11015,CL-1014,Marketing,172200.0,30,2,12,9,71,23.1,0.05,20,1.08,True,very_late
INV-11016,CL-1015,Consulting,116700.0,30,2,1,7,15,21.6,0.05,20,1.33,True,on_time
INV-11017,CL-1016,Photography,94500.0,45,4,7,10,73,17.1,0.05,20,1.18,True,late
INV-11018,CL-1017,Copywriting,34800.0,45,1,25,5,45,22.2,0.05,20,1.45,True,on_time
INV-11019,CL-1018,Design,183600.0,45,3,25,12,57,25.3,0.05,20,1.15,True,on_time
INV-11020,CL-1019,Development,23800.0,30,4,10,8,80,45.1,0.9,20,0.99,True,very_late
INV-11021,CL-1020,Marketing,225800.0,15,5,26,6,53,25.3,0.05,20,0.78,True,very_late
INV-11022,CL-1021,Consulting,79900.0,45,3,28,2,10,55.5,0.5,20,0.83,True,very_late
INV-11023,CL-1022,Photography,18000.0,15,2,11,11,37,18.8,0.05,20,0.75,True,late
INV-11024,CL-1023,Copywriting,88000.0,45,5,13,5,56,16.2,0.05,20,1.0,True,on_time
INV-11025,CL-1024,Design,199700.0,30,5,19,9,57,27.4,0.05,20,0.89,True,late
INV-11026,CL-1025,Development,192200.0,15,6,1,3,30,18.7,0.05,20,1.33,True,on_time
INV-11027,CL-1026,Marketing,133400.0,45,5,24,2,26,15.3,0.05,20,0.79,True,on_time
INV-11028,CL-1027,Consulting,10000.0,15,0,3,8,70,46.5,0.833,20,0.62,True,very_late
INV-11029,CL-1028,Photography,203200.0,30,4,25,2,13,25.9,0.05,20,0.85,True,on_time
INV-11030,CL-1029,Copywriting,175400.0,15,0,21,7,39,22.5,0.05,20,1.1,True,late
INV-11031,CL-1030,Design,471400.0,45,2,15,11,16,25.3,0.05,20,1.35,True,on_time
INV-11032,CL-1031,Development,155900.0,15,0,2,11,45,24.2,0.05,20,1.15,True,late
INV-11033,CL-1032,Marketing,26300.0,30,6,16,8,69,53.0,0.167,20,1.1,True,very_late
INV-11034,CL-1033,Consulting,149100.0,45,3,5,12,69,27.6,0.05,20,0.43,True,late
INV-11035,CL-1034,Photography,236900.0,45,3,21,12,81,19.3,0.05,20,1.65,True,very_late
INV-11036,CL-1035,Copywriting,302800.0,30,4,21,11,68,21.7,0.05,20,1.4,True,very_late
INV-11037,CL-1036,Design,361000.0,30,3,18,4,11,25.6,0.05,20,1.03,True,on_time
INV-11038,CL-1037,Development,116000.0,30,3,9,3,38,22.7,0.05,20,0.81,True,very_late
INV-11039,CL-1038,Marketing,277900.0,45,6,25,3,44,26.1,0.05,20,1.24,True,on_time
INV-11040,CL-1039,Consulting,38100.0,45,0,23,8,61,38.9,0.167,20,0.95,True,on_time
INV-11041,CL-1040,Photography,48000.0,30,6,10,10,29,23.9,0.05,20,1.0,True,on_time
INV-11042,CL-1041,Copywriting,111000.0,45,2,7,7,71,45.7,0.167,20,0.6,True,late
INV-11043,CL-1042,Design,105600.0,15,1,23,12,82,34.7,0.167,20,0.82,True,very_late
INV-11044,CL-1043,Development,113800.0,30,1,9,2,54,18.1,0.05,20,0.84,True,late
INV-11045,CL-1044,Marketing,136500.0,45,6,26,10,88,46.2,0.167,20,0.85,True,very_late
INV-11046,CL-1045,Consulting,80700.0,30,5,24,9,34,17.3,0.05,20,1.12,True,on_time
INV-11047,CL-1046,Photography,29800.0,15,1,5,5,14,63.5,0.833,20,1.24,True,very_late
INV-11048,CL-1047,Copywriting,172600.0,45,3,9,12,79,17.9,0.05,20,1.44,True,late
INV-11049,CL-1048,Design,293400.0,30,0,5,1,68,22.9,0.05,20,1.26,True,very_late
INV-11050,CL-1049,Development,203200.0,15,2,9,3,56,19.1,0.05,20,0.58,True,very_late
INV-11051,CL-1000,Design,27400.0,15,0,5,1,63,23.0,0.05,21,1.14,True,very_late
INV-11052,CL-1001,Development,88500.0,30,2,26,8,47,14.4,0.05,21,0.74,True,on_time
INV-11053,CL-1002,Marketing,36900.0,15,2,3,3,7,17.9,0.05,21,0.66,True,on_time
INV-11054,CL-1003,Consulting,75900.0,30,0,18,8,23,17.1,0.05,21,0.73,True,on_time
INV-11055,CL-1004,Photography,35700.0,30,6,13,1,15,56.0,0.167,21,0.89,True,on_time
INV-11056,CL-1005,Copywriting,33100.0,45,1,13,8,31,23.5,0.05,21,0.83,True,on_time
INV-11057,CL-1006,Design,89300.0,15,1,15,12,12,58.4,0.333,21,1.01,True,on_time
INV-11058,CL-1007,Development,145200.0,15,3,13,11,39,33.0,0.167,21,1.3,True,late
INV-11059,CL-1008,Marketing,192000.0,15,5,24,1,70,19.9,0.05,21,0.92,True,very_late
INV-11060,CL-1009,Consulting,26100.0,30,3,21,5,25,14.4,0.05,21,0.41,True,on_time
INV-11061,CL-1010,Photography,148900.0,15,6,22,4,14,48.3,0.9,21,2.33,True,very_late
INV-11062,CL-1011,Copywriting,71500.0,30,2,1,3,35,21.1,0.05,21,0.99,True,on_time
INV-11063,CL-1012,Design,64500.0,30,6,8,1,5,14.4,0.05,21,1.01,True,on_time
INV-11064,CL-1013,Development,15900.0,45,3,23,10,19,67.0,0.9,21,0.66,True,very_late
INV-11065,CL-1014,Marketing,205500.0,15,1,6,8,11,23.1,0.05,21,1.28,True,on_time
INV-11066,CL-1015,Consulting,102600.0,30,6,21,1,7,21.6,0.05,21,1.17,True,on_time
INV-11067,CL-1016,Photography,101200.0,15,5,18,2,16,17.1,0.05,21,1.26,True,on_time
INV-11068,CL-1017,Copywriting,21200.0,30,4,26,11,44,22.2,0.05,21,0.88,True,on_time
INV-11069,CL-1018,Design,165800.0,30,5,7,1,88,25.3,0.05,21,1.04,True,very_late
INV-11070,CL-1019,Development,15600.0,45,1,9,1,62,45.1,0.9,21,0.65,True,on_time
INV-11071,CL-1020,Marketing,305100.0,45,2,18,12,62,25.3,0.05,21,1.06,True,on_time
INV-11072,CL-1021,Consulting,102000.0,15,4,12,6,59,55.5,0.5,21,1.06,True,very_late
INV-11073,CL-1022,Photography,22200.0,45,6,18,3,8,18.8,0.05,21,0.93,True,on_time
INV-11074,CL-1023,Copywriting,50300.0,30,2,27,5,69,16.2,0.05,21,0.57,True,very_late
INV-11075,CL-1024,Design,216000.0,15,6,21,9,48,27.4,0.05,21,0.96,True,late
INV-11076,CL-1025,Development,135400.0,15,4,28,6,79,18.7,0.05,21,0.94,True,very_late
INV-11077,CL-1026,Marketing,169200.0,45,0,22,9,49,15.3,0.05,21,1.01,True,on_time
INV-11078,CL-1027,Consulting,10300.0,45,3,25,9,19,46.5,0.833,21,0.64,True,on_time
INV-11079,CL-1028,Photography,210500.0,30,3,21,6,14,25.9,0.05,21,0.88,True,on_time
INV-11080,CL-1029,Copywriting,250600.0,45,0,2,3,22,22.5,0.05,21,1.57,True,on_time
INV-11081,CL-1030,Design,237200.0,15,0,16,4,12,25.3,0.05,21,0.68,True,late
INV-11082,CL-1031,Development,161900.0,45,6,13,11,62,24.2,0.05,21,1.19,True,on_time
INV-11083,CL-1032,Marketing,41700.0,45,4,9,1,46,53.0,0.167,21,1.74,True,very_late
INV-11084,CL-1033,Consulting,263500.0,45,0,1,4,83,27.6,0.05,21,0.75,True,very_late
INV-11085,CL-1034,Photography,132700.0,15,3,26,11,7,19.3,0.05,21,0.92,True,on_time
INV-11086,CL-1035,Copywriting,305200.0,45,3,27,6,90,21.7,0.05,21,1.41,True,very_late
INV-11087,CL-1036,Design,312900.0,45,2,17,1,9,25.6,0.05,21,0.89,True,on_time
INV-11088,CL-1037,Development,107500.0,15,1,17,2,12,22.7,0.05,21,0.75,True,on_time
INV-11089,CL-1038,Marketing,127600.0,45,3,7,4,67,26.1,0.05,21,0.57,True,late
INV-11090,CL-1039,Consulting,81200.0,45,5,6,9,71,38.9,0.167,21,2.03,True,late
INV-11091,CL-1040,Photography,44900.0,15,6,21,10,45,23.9,0.05,21,0.94,True,late
INV-11092,CL-1041,Copywriting,172700.0,45,5,14,2,21,45.7,0.167,21,0.94,True,on_time
INV-11093,CL-1042,Design,59000.0,45,3,17,6,84,34.7,0.167,21,0.46,True,late
INV-11094,CL-1043,Development,82600.0,45,3,12,6,70,18.1,0.05,21,0.61,True,late
INV-11095,CL-1044,Marketing,137700.0,30,6,12,7,81,46.2,0.167,21,0.86,True,very_late
INV-11096,CL-1045,Consulting,41200.0,45,2,20,4,72,17.3,0.05,21,0.57,True,late
INV-11097,CL-1046,Photography,48700.0,30,6,18,12,32,63.5,0.833,21,2.03,True,very_late
INV-11098,CL-1047,Copywriting,128200.0,30,3,13,1,4,17.9,0.05,21,1.07,True,on_time
INV-11099,CL-1048,Design,269300.0,45,0,17,3,38,22.9,0.05,21,1.16,True,very_late
INV-11100,CL-1049,Development,279600.0,15,1,28,6,2,19.1,0.05,21,0.8,True,on_time
INV-11101,CL-1000,Design,45100.0,45,6,9,9,65,23.0,0.05,22,1.88,True,on_time
INV-11102,CL-1001,Development,154400.0,45,1,4,1,58,14.4,0.05,22,1.29,True,on_time
INV-11103,CL-1002,Marketing,40100.0,15,2,12,10,31,17.9,0.05,22,0.72,True,on_time
INV-11104,CL-1003,Consulting,174800.0,30,0,19,7,72,17.1,0.05,22,1.68,True,very_late
INV-11105,CL-1004,Photography,35800.0,45,0,24,6,61,56.0,0.167,22,0.9,True,on_time
INV-11106,CL-1005,Copywriting,25800.0,45,5,19,2,76,23.5,0.05,22,0.65,True,late
INV-11107,CL-1006,Design,119800.0,15,5,26,10,48,58.4,0.333,22,1.36,True,very_late
INV-11108,CL-1007,Development,95000.0,15,6,11,6,55,33.0,0.167,22,0.85,True,very_late
INV-11109,CL-1008,Marketing,178500.0,15,6,25,4,83,19.9,0.05,22,0.86,True,very_late
INV-11110,CL-1009,Consulting,133500.0,15,5,25,11,48,14.4,0.05,22,2.09,True,late
INV-11111,CL-1010,Photography,56500.0,45,0,11,9,72,48.3,0.9,22,0.88,True,very_late
INV-11112,CL-1011,Copywriting,93400.0,45,5,8,3,6,21.1,0.05,22,1.3,True,on_time
INV-11113,CL-1012,Design,51000.0,30,3,25,10,73,14.4,0.05,22,0.8,True,very_late
INV-11114,CL-1013,Development,39400.0,15,3,10,7,18,67.0,0.9,22,1.64,True,very_late
INV-11115,CL-1014,Marketing,83300.0,15,3,19,12,6,23.1,0.05,22,0.52,True,on_time
INV-11116,CL-1015,Consulting,69200.0,30,0,13,9,55,21.6,0.05,22,0.79,True,late
INV-11117,CL-1016,Photography,40100.0,15,6,5,8,71,17.1,0.05,22,0.5,True,very_late
INV-11118,CL-1017,Copywriting,15700.0,30,5,19,4,71,22.2,0.05,22,0.65,True,very_late
INV-11119,CL-1018,Design,160800.0,45,4,8,4,9,25.3,0.05,22,1.0,True,on_time
INV-11120,CL-1019,Development,20800.0,30,2,22,10,11,45.1,0.9,22,0.87,True,very_late
INV-11121,CL-1020,Marketing,298900.0,30,3,12,6,24,25.3,0.05,22,1.04,True,on_time
INV-11122,CL-1021,Consulting,191700.0,45,5,1,5,21,55.5,0.5,22,2.0,True,on_time
INV-11123,CL-1022,Photography,42300.0,45,6,26,8,79,18.8,0.05,22,1.76,True,late
INV-11124,CL-1023,Copywriting,64200.0,15,6,8,4,87,16.2,0.05,22,0.73,True,very_late
INV-11125,CL-1024,Design,209700.0,45,6,3,2,6,27.4,0.05,22,0.94,True,on_time
INV-11126,CL-1025,Development,137700.0,45,1,28,5,1,18.7,0.05,22,0.96,True,on_time
INV-11127,CL-1026,Marketing,101100.0,15,2,15,8,2,15.3,0.05,22,0.6,True,on_time
INV-11128,CL-1027,Consulting,10300.0,45,4,7,4,69,46.5,0.833,22,0.64,True,late
INV-11129,CL-1028,Photography,327400.0,30,4,16,10,18,25.9,0.05,22,1.36,True,on_time
INV-11130,CL-1029,Copywriting,64300.0,45,0,13,10,84,22.5,0.05,22,0.4,True,very_late
INV-11131,CL-1030,Design,407800.0,30,1,2,5,25,25.3,0.05,22,1.17,True,on_time
INV-11132,CL-1031,Development,209600.0,45,2,2,8,83,24.2,0.05,22,1.54,True,very_late
INV-11133,CL-1032,Marketing,30500.0,15,3,22,5,84,53.0,0.167,22,1.27,True,very_late
INV-11134,CL-1033,Consulting,187800.0,45,2,28,2,2,27.6,0.05,22,0.54,True,on_time
INV-11135,CL-1034,Photography,120700.0,45,3,8,7,65,19.3,0.05,22,0.84,True,on_time
INV-11136,CL-1035,Copywriting,244000.0,15,2,16,10,68,21.7,0.05,22,1.13,True,very_late
INV-11137,CL-1036,Design,276300.0,15,4,15,9,2,25.6,0.05,22,0.79,True,late
INV-11138,CL-1037,Development,98400.0,45,2,11,8,50,22.7,0.05,22,0.68,True,on_time
INV-11139,CL-1038,Marketing,284100.0,15,2,22,6,45,26.1,0.05,22,1.27,True,late
INV-11140,CL-1039,Consulting,50500.0,15,4,9,1,80,38.9,0.167,22,1.26,True,very_late
INV-11141,CL-1040,Photography,26200.0,30,6,1,9,35,23.9,0.05,22,0.55,True,on_time
INV-11142,CL-1041,Copywriting,279500.0,30,3,22,3,11,45.7,0.167,22,1.52,True,on_time
INV-11143,CL-1042,Design,108800.0,45,5,20,11,87,34.7,0.167,22,0.85,True,very_late
INV-11144,CL-1043,Development,178900.0,15,4,5,7,39,18.1,0.05,22,1.32,True,late
INV-11145,CL-1044,Marketing,129800.0,30,3,18,3,26,46.2,0.167,22,0.81,True,on_time
INV-11146,CL-1045,Consulting,132300.0,45,4,22,4,17,17.3,0.05,22,1.84,True,on_time
INV-11147,CL-1046,Photography,24700.0,45,4,5,7,18,63.5,0.833,22,1.03,True,very_late
INV-11148,CL-1047,Copywriting,89700.0,45,1,11,2,71,17.9,0.05,22,0.75,True,late
INV-11149,CL-1048,Design,268600.0,45,0,6,6,18,22.9,0.05,22,1.16,True,on_time
INV-11150,CL-1049,Development,439500.0,30,3,14,5,56,19.1,0.05,22,1.26,True,late
INV-11151,CL-1000,Design,34700.0,45,5,9,3,24,23.0,0.05,23,1.45,True,on_time
INV-11152,CL-1001,Development,104900.0,15,0,25,10,78,14.4,0.05,23,0.87,True,very_late
INV-11153,CL-1002,Marketing,112600.0,45,4,8,10,29,17.9,0.05,23,2.01,True,late
INV-11154,CL-1003,Consulting,128600.0,15,2,3,12,61,17.1,0.05,23,1.24,True,very_late
INV-11155,CL-1004,Photography,48200.0,45,3,23,11,47,56.0,0.167,23,1.21,True,very_late
INV-11156,CL-1005,Copywriting,35800.0,30,3,16,3,20,23.5,0.05,23,0.9,True,late
INV-11157,CL-1006,Design,95400.0,15,3,25,1,34,58.4,0.333,23,1.08,True,on_time
INV-11158,CL-1007,Development,141400.0,15,5,22,4,26,33.0,0.167,23,1.26,True,very_late
INV-11159,CL-1008,Marketing,279000.0,30,6,20,8,88,19.9,0.05,23,1.34,True,very_late
INV-11160,CL-1009,Consulting,52600.0,30,1,14,7,5,14.4,0.05,23,0.82,True,on_time
INV-11161,CL-1010,Photography,74600.0,30,5,11,7,78,48.3,0.9,23,1.17,True,late
INV-11162,CL-1011,Copywriting,84500.0,45,4,18,9,82,21.1,0.05,23,1.17,True,very_late
INV-11163,CL-1012,Design,63900.0,15,4,4,8,58,14.4,0.05,23,1.0,True,very_late
INV-11164,CL-1013,Development,16400.0,15,1,17,9,50,67.0,0.9,23,0.68,True,late
INV-11165,CL-1014,Marketing,204100.0,15,4,13,9,80,23.1,0.05,23,1.28,True,very_late
INV-11166,CL-1015,Consulting,79400.0,15,2,15,7,38,21.6,0.05,23,0.9,True,late
INV-11167,CL-1016,Photography,47000.0,30,3,6,7,37,17.1,0.05,23,0.59,True,on_time
INV-11168,CL-1017,Copywriting,32800.0,15,5,17,3,59,22.2,0.05,23,1.37,True,very_late
INV-11169,CL-1018,Design,190600.0,30,0,24,9,14,25.3,0.05,23,1.19,True,on_time
INV-11170,CL-1019,Development,24100.0,45,5,18,3,50,45.1,0.9,23,1.0,True,late
INV-11171,CL-1020,Marketing,367800.0,30,0,6,8,75,25.3,0.05,23,1.28,True,very_late
INV-11172,CL-1021,Consulting,114000.0,15,3,3,5,41,55.5,0.5,23,1.19,True,late
INV-11173,CL-1022,Photography,11300.0,45,6,6,12,15,18.8,0.05,23,0.47,True,on_time
INV-11174,CL-1023,Copywriting,74400.0,45,3,21,6,10,16.2,0.05,23,0.85,True,on_time
INV-11175,CL-1024,Design,285500.0,30,5,26,9,78,27.4,0.05,23,1.27,True,very_late
INV-11176,CL-1025,Development,208700.0,30,4,13,1,21,18.7,0.05,23,1.45,True,on_time
INV-11177,CL-1026,Marketing,213400.0,45,6,22,3,20,15.3,0.05,23,1.27,True,on_time
INV-11178,CL-1027,Consulting,24500.0,15,6,23,1,53,46.5,0.833,23,1.53,True,very_late
INV-11179,CL-1028,Photography,210900.0,45,6,15,5,80,25.9,0.05,23,0.88,True,late
INV-11180,CL-1029,Copywriting,85900.0,15,1,1,10,32,22.5,0.05,23,0.54,True,very_late
INV-11181,CL-1030,Design,244100.0,30,6,16,9,0,25.3,0.05,23,0.7,True,on_time
INV-11182,CL-1031,Development,79800.0,30,1,7,10,84,24.2,0.05,23,0.59,True,very_late
INV-11183,CL-1032,Marketing,19300.0,30,3,3,10,76,53.0,0.167,23,0.8,True,very_late
INV-11184,CL-1033,Consulting,290200.0,45,2,20,11,71,27.6,0.05,23,0.83,True,late
INV-11185,CL-1034,Photography,97400.0,15,0,6,3,7,19.3,0.05,23,0.68,True,on_time
INV-11186,CL-1035,Copywriting,204500.0,15,1,28,1,85,21.7,0.05,23,0.95,True,very_late
INV-11187,CL-1036,Design,370200.0,45,2,11,2,6,25.6,0.05,23,1.06,True,on_time
INV-11188,CL-1037,Development,212900.0,15,1,22,5,78,22.7,0.05,23,1.48,True,very_late
INV-11189,CL-1038,Marketing,197500.0,45,4,19,9,22,26.1,0.05,23,0.88,True,on_time
INV-11190,CL-1039,Consulting,34600.0,45,4,12,1,11,38.9,0.167,23,0.86,True,on_time
INV-11191,CL-1040,Photography,34300.0,30,2,13,2,54,23.9,0.05,23,0.71,True,late
INV-11192,CL-1041,Copywriting,207500.0,15,2,16,3,15,45.7,0.167,23,1.13,True,on_time
INV-11193,CL-1042,Design,129500.0,30,2,17,7,67,34.7,0.167,23,1.01,True,very_late
INV-11194,CL-1043,Development,125500.0,15,4,2,2,73,18.1,0.05,23,0.92,True,very_late
INV-11195,CL-1044,Marketing,218500.0,45,4,3,8,88,46.2,0.167,23,1.37,True,very_late
INV-11196,CL-1045,Consulting,37700.0,45,2,14,10,40,17.3,0.05,23,0.52,True,on_time
INV-11197,CL-1046,Photography,14200.0,45,4,12,3,78,63.5,0.833,23,0.59,True,very_late
INV-11198,CL-1047,Copywriting,116500.0,45,5,21,8,63,17.9,0.05,23,0.97,True,on_time
INV-11199,CL-1048,Design,168000.0,45,1,23,5,24,22.9,0.05,23,0.72,True,very_late
INV-11200,CL-1049,Development,376300.0,15,3,21,2,26,19.1,0.05,23,1.08,True,on_time
INV-11201,CL-1000,Design,18600.0,30,3,2,6,44,23.0,0.05,24,0.78,True,on_time
INV-11202,CL-1001,Development,99100.0,45,1,1,11,25,14.4,0.05,24,0.83,True,on_time
INV-11203,CL-1002,Marketing,100600.0,30,6,3,5,38,17.9,0.05,24,1.8,True,on_time
INV-11204,CL-1003,Consulting,66000.0,30,6,1,2,87,17.1,0.05,24,0.63,True,very_late
INV-11205,CL-1004,Photography,53100.0,30,5,19,10,3,56.0,0.167,24,1.33,True,on_time
INV-11206,CL-1005,Copywriting,53300.0,15,2,27,6,86,23.5,0.05,24,1.33,True,very_late
INV-11207,CL-1006,Design,59400.0,30,6,2,11,17,58.4,0.333,24,0.68,True,on_time
INV-11208,CL-1007,Development,159900.0,45,3,28,9,42,33.0,0.167,24,1.43,True,on_time
INV-11209,CL-1008,Marketing,252300.0,30,5,2,9,38,19.9,0.05,24,1.21,True,on_time
INV-11210,CL-1009,Consulting,73400.0,45,2,18,9,2,14.4,0.05,24,1.15,True,on_time
INV-11211,CL-1010,Photography,92300.0,45,2,26,6,8,48.3,0.9,24,1.44,True,on_time
INV-11212,CL-1011,Copywriting,66400.0,30,6,1,6,48,21.1,0.05,24,0.92,True,on_time
INV-11213,CL-1012,Design,37400.0,15,4,20,7,23,14.4,0.05,24,0.58,True,on_time
INV-11214,CL-1013,Development,29300.0,30,5,28,6,90,67.0,0.9,24,1.22,True,very_late
INV-11215,CL-1014,Marketing,237200.0,30,0,16,4,47,23.1,0.05,24,1.48,True,on_time
INV-11216,CL-1015,Consulting,107200.0,30,1,17,5,22,21.6,0.05,24,1.22,True,on_time
INV-11217,CL-1016,Photography,79300.0,15,6,7,2,56,17.1,0.05,24,0.99,True,very_late
INV-11218,CL-1017,Copywriting,26000.0,30,4,5,4,43,22.2,0.05,24,1.08,True,on_time
INV-11219,CL-1018,Design,152800.0,45,6,17,5,41,25.3,0.05,24,0.95,True,on_time
INV-11220,CL-1019,Development,20600.0,15,6,17,11,16,45.1,0.9,24,0.86,True,very_late
INV-11221,CL-1020,Marketing,500000.0,15,3,13,12,66,25.3,0.05,24,1.74,True,very_late
INV-11222,CL-1021,Consulting,61100.0,30,0,22,10,11,55.5,0.5,24,0.64,True,very_late
INV-11223,CL-1022,Photography,20100.0,15,0,17,11,39,18.8,0.05,24,0.84,True,very_late
INV-11224,CL-1023,Copywriting,97500.0,30,5,7,6,25,16.2,0.05,24,1.11,True,on_time
INV-11225,CL-1024,Design,170300.0,30,4,11,8,85,27.4,0.05,24,0.76,True,very_late
INV-11226,CL-1025,Development,104500.0,15,1,9,2,1,18.7,0.05,24,0.73,True,on_time
INV-11227,CL-1026,Marketing,164100.0,45,4,4,4,69,15.3,0.05,24,0.98,True,late
INV-11228,CL-1027,Consulting,20300.0,30,2,5,12,36,46.5,0.833,24,1.27,True,late
INV-11229,CL-1028,Photography,195900.0,15,0,10,10,43,25.9,0.05,24,0.82,True,late
INV-11230,CL-1029,Copywriting,190600.0,15,1,1,8,86,22.5,0.05,24,1.19,True,late
INV-11231,CL-1030,Design,359400.0,30,0,3,7,50,25.3,0.05,24,1.03,True,on_time
INV-11232,CL-1031,Development,161000.0,45,4,21,12,89,24.2,0.05,24,1.18,True,very_late
INV-11233,CL-1032,Marketing,32500.0,30,2,11,4,85,53.0,0.167,24,1.35,True,very_late
INV-11234,CL-1033,Consulting,267900.0,15,6,25,8,72,27.6,0.05,24,0.77,True,very_late
INV-11235,CL-1034,Photography,182900.0,45,3,4,8,39,19.3,0.05,24,1.27,True,on_time
INV-11236,CL-1035,Copywriting,314400.0,45,6,15,8,29,21.7,0.05,24,1.46,True,on_time
INV-11237,CL-1036,Design,265800.0,15,6,20,5,46,25.6,0.05,24,0.76,True,late
INV-11238,CL-1037,Development,160200.0,45,5,11,6,58,22.7,0.05,24,1.11,True,on_time
INV-11239,CL-1038,Marketing,206600.0,15,3,4,6,61,26.1,0.05,24,0.92,True,very_late
INV-11240,CL-1039,Consulting,25000.0,15,2,25,6,77,38.9,0.167,24,0.62,True,very_late
INV-11241,CL-1040,Photography,38800.0,45,0,13,12,13,23.9,0.05,24,0.81,True,on_time
INV-11242,CL-1041,Copywriting,369600.0,45,0,26,5,68,45.7,0.167,24,2.01,True,late
INV-11243,CL-1042,Design,105600.0,45,3,8,10,31,34.7,0.167,24,0.82,True,on_time
INV-11244,CL-1043,Development,118800.0,30,3,3,6,26,18.1,0.05,24,0.87,True,on_time
INV-11245,CL-1044,Marketing,161400.0,45,3,26,7,72,46.2,0.167,24,1.01,True,late
INV-11246,CL-1045,Consulting,71700.0,45,5,8,3,84,17.3,0.05,24,1.0,True,very_late
INV-11247,CL-1046,Photography,20200.0,45,5,19,8,14,63.5,0.833,24,0.84,True,very_late
INV-11248,CL-1047,Copywriting,77300.0,30,2,18,2,56,17.9,0.05,24,0.64,True,late
INV-11249,CL-1048,Design,210400.0,30,0,20,2,87,22.9,0.05,24,0.91,True,very_late
INV-11250,CL-1049,Development,461500.0,30,2,16,11,84,19.1,0.05,24,1.32,True,late
INV-11251,CL-1000,Design,29300.0,15,6,5,10,81,23.0,0.05,25,1.22,True,very_late
INV-11252,CL-1001,Development,106900.0,15,5,5,8,68,14.4,0.05,25,0.89,True,very_late
INV-11253,CL-1002,Marketing,38300.0,45,4,15,4,26,17.9,0.05,25,0.68,True,on_time
INV-11254,CL-1003,Consulting,291900.0,30,2,19,11,38,17.1,0.05,25,2.81,True,on_time
INV-11255,CL-1004,Photography,24900.0,30,5,12,2,74,56.0,0.167,25,0.62,True,very_late
INV-11256,CL-1005,Copywriting,47300.0,45,3,28,3,37,23.5,0.05,25,1.18,True,on_time
INV-11257,CL-1006,Design,106600.0,45,0,1,12,71,58.4,0.333,25,1.21,True,late
INV-11258,CL-1007,Development,107200.0,30,0,28,5,3,33.0,0.167,25,0.96,True,on_time
INV-11259,CL-1008,Marketing,214300.0,45,4,13,11,40,19.9,0.05,25,1.03,True,on_time
INV-11260,CL-1009,Consulting,59100.0,30,3,14,9,27,14.4,0.05,25,0.92,True,on_time
INV-11261,CL-1010,Photography,68000.0,30,1,7,9,49,48.3,0.9,25,1.06,True,late
INV-11262,CL-1011,Copywriting,81900.0,30,6,14,3,36,21.1,0.05,25,1.14,True,on_time
INV-11263,CL-1012,Design,88400.0,45,1,5,1,9,14.4,0.05,25,1.38,True,on_time
INV-11264,CL-1013,Development,27800.0,15,5,16,11,55,67.0,0.9,25,1.16,True,very_late
INV-11265,CL-1014,Marketing,328600.0,15,0,5,11,53,23.1,0.05,25,2.05,True,very_late
INV-11266,CL-1015,Consulting,103900.0,45,4,14,10,23,21.6,0.05,25,1.18,True,on_time
INV-11267,CL-1016,Photography,97200.0,30,4,27,8,49,17.1,0.05,25,1.22,True,on_time
INV-11268,CL-1017,Copywriting,20700.0,15,3,20,1,73,22.2,0.05,25,0.86,True,very_late
INV-11269,CL-1018,Design,225100.0,45,1,23,9,34,25.3,0.05,25,1.41,True,on_time
INV-11270,CL-1019,Development,15500.0,45,4,12,1,4,45.1,0.9,25,0.65,True,late
INV-11271,CL-1020,Marketing,224700.0,45,2,4,10,61,25.3,0.05,25,0.78,True,on_time
INV-11272,CL-1021,Consulting,89000.0,15,1,24,12,67,55.5,0.5,25,0.93,True,very_late
INV-11273,CL-1022,Photography,56100.0,30,3,17,2,66,18.8,0.05,25,2.34,True,very_late
INV-11274,CL-1023,Copywriting,54300.0,15,1,16,11,84,16.2,0.05,25,0.62,True,very_late
INV-11275,CL-1024,Design,320300.0,15,5,21,9,74,27.4,0.05,25,1.43,True,very_late
INV-11276,CL-1025,Development,82700.0,15,2,18,1,60,18.7,0.05,25,0.57,True,very_late
INV-11277,CL-1026,Marketing,323400.0,30,4,24,6,53,15.3,0.05,25,1.93,True,late
INV-11278,CL-1027,Consulting,11800.0,30,2,6,1,88,46.5,0.833,25,0.74,True,very_late
INV-11279,CL-1028,Photography,95400.0,45,2,24,10,33,25.9,0.05,25,0.4,True,on_time
INV-11280,CL-1029,Copywriting,179500.0,30,4,6,10,6,22.5,0.05,25,1.12,True,on_time
INV-11281,CL-1030,Design,245400.0,30,6,24,10,3,25.3,0.05,25,0.7,True,on_time
INV-11282,CL-1031,Development,98400.0,15,1,17,2,35,24.2,0.05,25,0.72,True,on_time
INV-11283,CL-1032,Marketing,17500.0,45,2,9,5,1,53.0,0.167,25,0.73,True,on_time
INV-11284,CL-1033,Consulting,247000.0,45,1,19,12,19,27.6,0.05,25,0.71,True,on_time
INV-11285,CL-1034,Photography,194500.0,30,6,6,5,89,19.3,0.05,25,1.35,True,very_late
INV-11286,CL-1035,Copywriting,218900.0,15,6,17,1,43,21.7,0.05,25,1.01,True,late
INV-11287,CL-1036,Design,315100.0,15,4,27,3,63,25.6,0.05,25,0.9,True,very_late
INV-11288,CL-1037,Development,360400.0,30,6,13,4,84,22.7,0.05,25,2.5,True,very_late
INV-11289,CL-1038,Marketing,373900.0,45,1,7,10,44,26.1,0.05,25,1.67,True,very_late
INV-11290,CL-1039,Consulting,44100.0,30,6,27,2,6,38.9,0.167,25,1.1,True,late
INV-11291,CL-1040,Photography,54700.0,30,3,10,8,68,23.9,0.05,25,1.14,True,very_late
INV-11292,CL-1041,Copywriting,180600.0,45,5,13,8,33,45.7,0.167,25,0.98,True,late
INV-11293,CL-1042,Design,187900.0,30,0,10,8,48,34.7,0.167,25,1.47,True,on_time
INV-11294,CL-1043,Development,85700.0,45,5,2,2,68,18.1,0.05,25,0.63,True,late
INV-11295,CL-1044,Marketing,120900.0,30,4,21,5,42,46.2,0.167,25,0.76,True,on_time
INV-11296,CL-1045,Consulting,111000.0,15,2,21,10,50,17.3,0.05,25,1.54,True,late
INV-11297,CL-1046,Photography,23600.0,45,5,8,12,86,63.5,0.833,25,0.98,True,very_late
INV-11298,CL-1047,Copywriting,161500.0,15,4,11,11,88,17.9,0.05,25,1.35,True,very_late
INV-11299,CL-1048,Design,187600.0,30,4,1,11,1,22.9,0.05,25,0.81,True,on_time
INV-11300,CL-1049,Development,500000.0,15,3,4,9,13,19.1,0.05,25,1.43,True,on_time
INV-11301,CL-1000,Design,12400.0,30,1,24,5,32,23.0,0.05,26,0.52,True,on_time
INV-11302,CL-1001,Development,96100.0,15,4,3,1,76,14.4,0.05,26,0.8,True,very_late
INV-11303,CL-1002,Marketing,45000.0,15,4,21,2,90,17.9,0.05,26,0.8,True,very_late
INV-11304,CL-1003,Consulting,84200.0,15,6,20,3,48,17.1,0.05,26,0.81,True,late
INV-11305,CL-1004,Photography,54800.0,45,4,26,3,14,56.0,0.167,26,1.37,True,on_time
INV-11306,CL-1005,Copywriting,50200.0,30,2,15,11,9,23.5,0.05,26,1.25,True,on_time
INV-11307,CL-1006,Design,82000.0,30,6,14,12,85,58.4,0.333,26,0.93,True,very_late
INV-11308,CL-1007,Development,138100.0,30,2,6,2,35,33.0,0.167,26,1.23,True,on_time
INV-11309,CL-1008,Marketing,160900.0,30,3,11,1,33,19.9,0.05,26,0.77,True,on_time
INV-11310,CL-1009,Consulting,75100.0,30,1,15,2,62,14.4,0.05,26,1.17,True,late
INV-11311,CL-1010,Photography,81900.0,15,4,13,3,82,48.3,0.9,26,1.28,True,late
INV-11312,CL-1011,Copywriting,74100.0,15,4,25,7,27,21.1,0.05,26,1.03,True,on_time
INV-11313,CL-1012,Design,73900.0,15,3,23,5,13,14.4,0.05,26,1.15,True,late
INV-11314,CL-1013,Development,39200.0,15,4,24,5,57,67.0,0.9,26,1.63,True,very_late
INV-11315,CL-1014,Marketing,137000.0,30,1,21,11,0,23.1,0.05,26,0.86,True,on_time
INV-11316,CL-1015,Consulting,97600.0,45,3,9,3,89,21.6,0.05,26,1.11,True,very_late
INV-11317,CL-1016,Photography,85700.0,30,4,1,9,90,17.1,0.05,26,1.07,True,very_late
INV-11318,CL-1017,Copywriting,43500.0,30,3,14,7,8,22.2,0.05,26,1.81,True,on_time
INV-11319,CL-1018,Design,171000.0,15,3,23,8,15,25.3,0.05,26,1.07,True,on_time
INV-11320,CL-1019,Development,16700.0,30,2,22,5,51,45.1,0.9,26,0.7,True,very_late
INV-11321,CL-1020,Marketing,500000.0,45,0,12,9,43,25.3,0.05,26,1.74,True,very_late
INV-11322,CL-1021,Consulting,71400.0,30,6,25,5,82,55.5,0.5,26,0.74,True,very_late
INV-11323,CL-1022,Photography,16400.0,45,0,13,11,24,18.8,0.05,26,0.68,True,on_time
INV-11324,CL-1023,Copywriting,77300.0,30,0,21,12,45,16.2,0.05,26,0.88,True,on_time
INV-11325,CL-1024,Design,225200.0,45,3,24,4,17,27.4,0.05,26,1.01,True,very_late
INV-11326,CL-1025,Development,104800.0,15,5,19,4,62,18.7,0.05,26,0.73,True,very_late
INV-11327,CL-1026,Marketing,200900.0,45,5,10,8,68,15.3,0.05,26,1.2,True,late
INV-11328,CL-1027,Consulting,12700.0,30,0,2,6,7,46.5,0.833,26,0.79,True,very_late
INV-11329,CL-1028,Photography,163800.0,45,0,13,2,27,25.9,0.05,26,0.68,True,on_time
INV-11330,CL-1029,Copywriting,169900.0,45,4,15,11,68,22.5,0.05,26,1.06,True,late
INV-11331,CL-1030,Design,231900.0,45,1,3,1,18,25.3,0.05,26,0.66,True,on_time
INV-11332,CL-1031,Development,167600.0,15,3,20,1,31,24.2,0.05,26,1.23,True,on_time
INV-11333,CL-1032,Marketing,28200.0,15,0,6,11,6,53.0,0.167,26,1.18,True,on_time
INV-11334,CL-1033,Consulting,471000.0,15,3,20,3,75,27.6,0.05,26,1.35,True,very_late
INV-11335,CL-1034,Photography,174700.0,15,0,16,10,78,19.3,0.05,26,1.21,True,very_late
INV-11336,CL-1035,Copywriting,169300.0,15,3,11,12,86,21.7,0.05,26,0.78,True,very_late
INV-11337,CL-1036,Design,383400.0,15,5,19,9,17,25.6,0.05,26,1.1,True,on_time
INV-11338,CL-1037,Development,101200.0,15,6,2,10,22,22.7,0.05,26,0.7,True,on_time
INV-11339,CL-1038,Marketing,253200.0,15,2,5,7,21,26.1,0.05,26,1.13,True,on_time
INV-11340,CL-1039,Consulting,41400.0,45,1,15,4,74,38.9,0.167,26,1.03,True,very_late
INV-11341,CL-1040,Photography,60900.0,15,6,28,11,78,23.9,0.05,26,1.27,True,very_late
INV-11342,CL-1041,Copywriting,164000.0,15,0,16,2,0,45.7,0.167,26,0.89,True,very_late
INV-11343,CL-1042,Design,143900.0,15,5,21,10,36,34.7,0.167,26,1.12,True,late
INV-11344,CL-1043,Development,160300.0,30,5,5,4,18,18.1,0.05,26,1.18,True,on_time
INV-11345,CL-1044,Marketing,208500.0,45,3,14,4,22,46.2,0.167,26,1.3,True,on_time
INV-11346,CL-1045,Consulting,50400.0,15,4,6,12,63,17.3,0.05,26,0.7,True,very_late
INV-11347,CL-1046,Photography,23700.0,15,5,27,5,44,63.5,0.833,26,0.99,True,very_late
INV-11348,CL-1047,Copywriting,134900.0,45,1,7,2,67,17.9,0.05,26,1.12,True,late
INV-11349,CL-1048,Design,338800.0,45,2,28,9,64,22.9,0.05,26,1.46,True,on_time
INV-11350,CL-1049,Development,435100.0,45,5,7,5,6,19.1,0.05,26,1.24,True,on_time
INV-11351,CL-1000,Design,27500.0,15,5,28,8,63,23.0,0.05,27,1.15,True,very_late
INV-11352,CL-1001,Development,242700.0,45,0,2,11,46,14.4,0.05,27,2.02,True,on_time
INV-11353,CL-1002,Marketing,61100.0,30,2,11,10,58,17.9,0.05,27,1.09,True,very_late
INV-11354,CL-1003,Consulting,109400.0,45,0,18,3,20,17.1,0.05,27,1.05,True,on_time
INV-11355,CL-1004,Photography,35400.0,30,4,4,2,30,56.0,0.167,27,0.89,True,on_time
INV-11356,CL-1005,Copywriting,30000.0,45,4,11,7,25,23.5,0.05,27,0.75,True,on_time
INV-11357,CL-1006,Design,104800.0,30,1,25,2,41,58.4,0.333,27,1.19,True,on_time
INV-11358,CL-1007,Development,127400.0,15,5,14,4,48,33.0,0.167,27,1.14,True,late
INV-11359,CL-1008,Marketing,258900.0,15,3,19,8,6,19.9,0.05,27,1.24,True,on_time
INV-11360,CL-1009,Consulting,52000.0,15,1,20,8,22,14.4,0.05,27,0.81,True,on_time
INV-11361,CL-1010,Photography,126800.0,15,3,24,4,80,48.3,0.9,27,1.98,True,very_late
INV-11362,CL-1011,Copywriting,49700.0,30,1,11,3,4,21.1,0.05,27,0.69,True,on_time
INV-11363,CL-1012,Design,127200.0,15,2,5,2,59,14.4,0.05,27,1.99,True,very_late
INV-11364,CL-1013,Development,34200.0,15,6,11,4,37,67.0,0.9,27,1.43,True,very_late
INV-11365,CL-1014,Marketing,123400.0,45,4,6,10,70,23.1,0.05,27,0.77,True,late
INV-11366,CL-1015,Consulting,135400.0,15,3,28,9,62,21.6,0.05,27,1.54,True,very_late
INV-11367,CL-1016,Photography,97400.0,15,4,16,8,35,17.1,0.05,27,1.22,True,very_late
INV-11368,CL-1017,Copywriting,48100.0,30,5,28,4,31,22.2,0.05,27,2.0,True,on_time
INV-11369,CL-1018,Design,142300.0,45,1,19,3,73,25.3,0.05,27,0.89,True,late
INV-11370,CL-1019,Development,41300.0,30,0,2,8,64,45.1,0.9,27,1.72,True,very_late
INV-11371,CL-1020,Marketing,333000.0,45,3,16,12,12,25.3,0.05,27,1.16,True,on_time
INV-11372,CL-1021,Consulting,97500.0,15,0,18,1,88,55.5,0.5,27,1.02,True,very_late
INV-11373,CL-1022,Photography,9900.0,15,1,12,5,30,18.8,0.05,27,0.41,True,on_time
INV-11374,CL-1023,Copywriting,95800.0,15,0,16,11,39,16.2,0.05,27,1.09,True,late
INV-11375,CL-1024,Design,256400.0,30,6,19,12,74,27.4,0.05,27,1.14,True,late
INV-11376,CL-1025,Development,266200.0,30,3,25,3,90,18.7,0.05,27,1.85,True,very_late
INV-11377,CL-1026,Marketing,142700.0,30,5,15,12,81,15.3,0.05,27,0.85,True,very_late
INV-11378,CL-1027,Consulting,15600.0,45,0,13,12,42,46.5,0.833,27,0.97,True,late
INV-11379,CL-1028,Photography,257000.0,30,3,25,5,89,25.9,0.05,27,1.07,True,very_late
INV-11380,CL-1029,Copywriting,107700.0,45,4,26,4,87,22.5,0.05,27,0.67,True,very_late
INV-11381,CL-1030,Design,436300.0,30,5,2,9,86,25.3,0.05,27,1.25,True,very_late
INV-11382,CL-1031,Development,186100.0,15,0,13,6,59,24.2,0.05,27,1.37,True,very_late
INV-11383,CL-1032,Marketing,26200.0,30,2,6,11,71,53.0,0.167,27,1.09,True,very_late
INV-11384,CL-1033,Consulting,345900.0,45,5,25,4,17,27.6,0.05,27,0.99,True,on_time
INV-11385,CL-1034,Photography,120200.0,15,4,4,11,61,19.3,0.05,27,0.83,True,very_late
INV-11386,CL-1035,Copywriting,201000.0,45,6,23,4,28,21.7,0.05,27,0.93,True,on_time
INV-11387,CL-1036,Design,329000.0,30,4,22,7,35,25.6,0.05,27,0.94,True,on_time
INV-11388,CL-1037,Development,121300.0,30,2,15,8,64,22.7,0.05,27,0.84,True,late
INV-11389,CL-1038,Marketing,204800.0,15,3,23,9,86,26.1,0.05,27,0.91,True,very_late
INV-11390,CL-1039,Consulting,39100.0,30,3,20,6,86,38.9,0.167,27,0.98,True,very_late
INV-11391,CL-1040,Photography,65200.0,15,1,15,2,10,23.9,0.05,27,1.36,True,on_time
INV-11392,CL-1041,Copywriting,120800.0,15,2,3,2,21,45.7,0.167,27,0.66,True,on_time
INV-11393,CL-1042,Design,107900.0,45,1,16,3,26,34.7,0.167,27,0.84,True,on_time
INV-11394,CL-1043,Development,103900.0,45,0,10,7,87,18.1,0.05,27,0.76,True,very_late
INV-11395,CL-1044,Marketing,136400.0,15,3,12,7,56,46.2,0.167,27,0.85,True,very_late
INV-11396,CL-1045,Consulting,88700.0,15,2,7,2,2,17.3,0.05,27,1.23,True,on_time
INV-11397,CL-1046,Photography,20800.0,15,6,17,11,42,63.5,0.833,27,0.87,True,very_late
INV-11398,CL-1047,Copywriting,118700.0,30,5,21,6,62,17.9,0.05,27,0.99,True,late
INV-11399,CL-1048,Design,283500.0,45,4,27,9,56,22.9,0.05,27,1.22,True,on_time
INV-11400,CL-1049,Development,308600.0,45,1,26,5,21,19.1,0.05,27,0.88,True,on_time
INV-11401,CL-1000,Design,25600.0,15,3,12,5,6,23.0,0.05,28,1.07,True,late
INV-11402,CL-1001,Development,135600.0,30,3,6,10,20,14.4,0.05,28,1.13,True,on_time
INV-11403,CL-1002,Marketing,54200.0,30,1,6,12,88,17.9,0.05,28,0.97,True,very_late
INV-11404,CL-1003,Consulting,101100.0,15,1,8,2,5,17.1,0.05,28,0.97,True,on_time
INV-11405,CL-1004,Photography,55100.0,45,1,15,5,47,56.0,0.167,28,1.38,True,on_time
INV-11406,CL-1005,Copywriting,38400.0,45,5,2,11,40,23.5,0.05,28,0.96,True,on_time
INV-11407,CL-1006,Design,161700.0,15,2,15,9,20,58.4,0.333,28,1.84,True,on_time
INV-11408,CL-1007,Development,212700.0,15,0,13,8,18,33.0,0.167,28,1.9,True,on_time
INV-11409,CL-1008,Marketing,246200.0,30,1,1,12,69,19.9,0.05,28,1.18,True,very_late
INV-11410,CL-1009,Consulting,73500.0,30,5,23,5,60,14.4,0.05,28,1.15,True,late
INV-11411,CL-1010,Photography,58000.0,45,5,5,10,56,48.3,0.9,28,0.91,True,very_late
INV-11412,CL-1011,Copywriting,70800.0,15,5,16,1,17,21.1,0.05,28,0.98,True,on_time
INV-11413,CL-1012,Design,62800.0,15,2,1,7,79,14.4,0.05,28,0.98,True,very_late
INV-11414,CL-1013,Development,37100.0,30,2,3,6,7,67.0,0.9,28,1.55,True,very_late
INV-11415,CL-1014,Marketing,223200.0,15,4,17,4,35,23.1,0.05,28,1.4,True,on_time
INV-11416,CL-1015,Consulting,48500.0,15,4,28,8,86,21.6,0.05,28,0.55,True,very_late
INV-11417,CL-1016,Photography,138200.0,15,4,13,4,62,17.1,0.05,28,1.73,True,very_late
INV-11418,CL-1017,Copywriting,22000.0,45,4,2,11,46,22.2,0.05,28,0.92,True,on_time
INV-11419,CL-1018,Design,311600.0,45,6,14,6,49,25.3,0.05,28,1.95,True,on_time
INV-11420,CL-1019,Development,52200.0,30,2,12,5,57,45.1,0.9,28,2.17,True,late
INV-11421,CL-1020,Marketing,319400.0,15,1,24,8,53,25.3,0.05,28,1.11,True,very_late
INV-11422,CL-1021,Consulting,161000.0,30,1,26,12,54,55.5,0.5,28,1.68,True,late
INV-11423,CL-1022,Photography,25900.0,30,1,27,10,76,18.8,0.05,28,1.08,True,very_late
INV-11424,CL-1023,Copywriting,71600.0,15,2,16,9,42,16.2,0.05,28,0.81,True,late
INV-11425,CL-1024,Design,181100.0,45,6,13,2,0,27.4,0.05,28,0.81,True,on_time
INV-11426,CL-1025,Development,118900.0,30,3,6,9,59,18.7,0.05,28,0.83,True,late
INV-11427,CL-1026,Marketing,114100.0,15,1,6,7,37,15.3,0.05,28,0.68,True,late
INV-11428,CL-1027,Consulting,24500.0,15,6,27,5,74,46.5,0.833,28,1.53,True,very_late
INV-11429,CL-1028,Photography,186700.0,45,5,15,4,3,25.9,0.05,28,0.78,True,on_time
INV-11430,CL-1029,Copywriting,241800.0,15,2,10,11,81,22.5,0.05,28,1.51,True,very_late
INV-11431,CL-1030,Design,290600.0,45,5,10,7,22,25.3,0.05,28,0.83,True,on_time
INV-11432,CL-1031,Development,92500.0,45,5,8,1,15,24.2,0.05,28,0.68,True,on_time
INV-11433,CL-1032,Marketing,27700.0,30,0,20,12,46,53.0,0.167,28,1.15,True,on_time
INV-11434,CL-1033,Consulting,261000.0,45,3,28,5,80,27.6,0.05,28,0.75,True,late
INV-11435,CL-1034,Photography,173600.0,45,6,4,6,65,19.3,0.05,28,1.21,True,on_time
INV-11436,CL-1035,Copywriting,172800.0,15,6,9,3,74,21.7,0.05,28,0.8,True,late
INV-11437,CL-1036,Design,168600.0,30,3,23,3,45,25.6,0.05,28,0.48,True,on_time
INV-11438,CL-1037,Development,142400.0,30,2,14,11,45,22.7,0.05,28,0.99,True,late
INV-11439,CL-1038,Marketing,161400.0,30,4,21,2,65,26.1,0.05,28,0.72,True,late
INV-11440,CL-1039,Consulting,44300.0,45,1,25,2,76,38.9,0.167,28,1.11,True,late
INV-11441,CL-1040,Photography,21900.0,45,2,28,6,87,23.9,0.05,28,0.46,True,very_late
INV-11442,CL-1041,Copywriting,148800.0,30,5,23,12,46,45.7,0.167,28,0.81,True,late
INV-11443,CL-1042,Design,48900.0,45,2,27,3,1,34.7,0.167,28,0.38,True,on_time
INV-11444,CL-1043,Development,113100.0,30,2,25,8,52,18.1,0.05,28,0.83,True,late
INV-11445,CL-1044,Marketing,139800.0,15,0,7,3,64,46.2,0.167,28,0.87,True,very_late
INV-11446,CL-1045,Consulting,75600.0,15,6,18,10,88,17.3,0.05,28,1.05,True,very_late
INV-11447,CL-1046,Photography,31400.0,45,6,18,12,70,63.5,0.833,28,1.31,True,very_late
INV-11448,CL-1047,Copywriting,143400.0,15,3,15,2,14,17.9,0.05,28,1.2,True,on_time
INV-11449,CL-1048,Design,111900.0,15,3,12,5,88,22.9,0.05,28,0.48,True,very_late
INV-11450,CL-1049,Development,316500.0,30,4,17,6,22,19.1,0.05,28,0.9,True,on_time
INV-11451,CL-1000,Design,23600.0,15,5,27,2,28,23.0,0.05,29,0.98,True,on_time
INV-11452,CL-1001,Development,98300.0,45,1,23,4,39,14.4,0.05,29,0.82,True,on_time
INV-11453,CL-1002,Marketing,32900.0,15,0,14,12,14,17.9,0.05,29,0.59,True,on_time
INV-11454,CL-1003,Consulting,89900.0,30,6,14,1,25,17.1,0.05,29,0.86,True,on_time
INV-11455,CL-1004,Photography,34200.0,45,4,19,1,60,56.0,0.167,29,0.85,True,very_late
INV-11456,CL-1005,Copywriting,33200.0,30,0,3,5,85,23.5,0.05,29,0.83,True,very_late
INV-11457,CL-1006,Design,68100.0,15,6,4,10,26,58.4,0.333,29,0.77,True,on_time
INV-11458,CL-1007,Development,142400.0,15,1,22,6,3,33.0,0.167,29,1.27,True,very_late
INV-11459,CL-1008,Marketing,195600.0,45,2,19,6,45,19.9,0.05,29,0.94,True,on_time
INV-11460,CL-1009,Consulting,66200.0,45,6,24,10,30,14.4,0.05,29,1.03,True,on_time
INV-11461,CL-1010,Photography,49800.0,15,0,27,10,1,48.3,0.9,29,0.78,True,late
INV-11462,CL-1011,Copywriting,67300.0,45,1,10,3,68,21.1,0.05,29,0.93,True,very_late
INV-11463,CL-1012,Design,66100.0,45,0,7,9,90,14.4,0.05,29,1.03,True,very_late
INV-11464,CL-1013,Development,23000.0,45,4,6,8,86,67.0,0.9,29,0.96,True,very_late
INV-11465,CL-1014,Marketing,278000.0,15,6,12,7,54,23.1,0.05,29,1.74,True,late
INV-11466,CL-1015,Consulting,119300.0,15,3,4,6,15,21.6,0.05,29,1.36,True,on_time
INV-11467,CL-1016,Photography,58600.0,45,1,16,6,90,17.1,0.05,29,0.73,True,very_late
INV-11468,CL-1017,Copywriting,32600.0,45,0,3,6,63,22.2,0.05,29,1.36,True,late
INV-11469,CL-1018,Design,129500.0,30,3,20,12,39,25.3,0.05,29,0.81,True,on_time
INV-11470,CL-1019,Development,13500.0,30,1,18,7,37,45.1,0.9,29,0.56,True,on_time
INV-11471,CL-1020,Marketing,408200.0,30,1,28,2,60,25.3,0.05,29,1.42,True,late
INV-11472,CL-1021,Consulting,120100.0,30,1,1,11,62,55.5,0.5,29,1.25,True,late
INV-11473,CL-1022,Photography,26900.0,30,3,17,11,86,18.8,0.05,29,1.12,True,very_late
INV-11474,CL-1023,Copywriting,90700.0,15,3,13,12,75,16.2,0.05,29,1.03,True,very_late
INV-11475,CL-1024,Design,209800.0,45,1,3,6,25,27.4,0.05,29,0.94,True,on_time
INV-11476,CL-1025,Development,219600.0,45,6,13,2,29,18.7,0.05,29,1.52,True,on_time
INV-11477,CL-1026,Marketing,197800.0,45,3,9,12,74,15.3,0.05,29,1.18,True,late
INV-11478,CL-1027,Consulting,11500.0,45,3,12,8,85,46.5,0.833,29,0.72,True,late
INV-11479,CL-1028,Photography,332600.0,30,3,17,5,18,25.9,0.05,29,1.39,True,on_time
INV-11480,CL-1029,Copywriting,238100.0,15,0,9,8,63,22.5,0.05,29,1.49,True,very_late
INV-11481,CL-1030,Design,262300.0,15,0,4,12,6,25.3,0.05,29,0.75,True,on_time
INV-11482,CL-1031,Development,113000.0,30,5,1,3,48,24.2,0.05,29,0.83,True,on_time
INV-11483,CL-1032,Marketing,36800.0,30,1,10,10,79,53.0,0.167,29,1.53,True,very_late
INV-11484,CL-1033,Consulting,396000.0,15,5,25,9,63,27.6,0.05,29,1.13,True,very_late
INV-11485,CL-1034,Photography,76100.0,15,2,22,8,62,19.3,0.05,29,0.53,True,very_late
INV-11486,CL-1035,Copywriting,110600.0,45,2,26,9,69,21.7,0.05,29,0.51,True,very_late
INV-11487,CL-1036,Design,216800.0,15,3,4,7,57,25.6,0.05,29,0.62,True,very_late
INV-11488,CL-1037,Development,198100.0,30,3,15,1,4,22.7,0.05,29,1.38,True,on_time
INV-11489,CL-1038,Marketing,348600.0,45,6,25,5,90,26.1,0.05,29,1.56,True,very_late
INV-11490,CL-1039,Consulting,48400.0,30,1,10,12,49,38.9,0.167,29,1.21,True,on_time
INV-11491,CL-1040,Photography,52600.0,15,4,22,8,84,23.9,0.05,29,1.1,True,very_late
INV-11492,CL-1041,Copywriting,237800.0,45,4,16,8,71,45.7,0.167,29,1.29,True,late
INV-11493,CL-1042,Design,71700.0,45,0,13,5,63,34.7,0.167,29,0.56,True,on_time
INV-11494,CL-1043,Development,130300.0,30,4,22,6,36,18.1,0.05,29,0.96,True,on_time
INV-11495,CL-1044,Marketing,107700.0,15,4,2,3,46,46.2,0.167,29,0.67,True,late
INV-11496,CL-1045,Consulting,122400.0,45,4,1,11,43,17.3,0.05,29,1.7,True,on_time
INV-11497,CL-1046,Photography,24600.0,30,2,12,7,44,63.5,0.833,29,1.02,True,very_late
INV-11498,CL-1047,Copywriting,86000.0,15,1,8,11,39,17.9,0.05,29,0.72,True,late
INV-11499,CL-1048,Design,253900.0,45,0,28,5,14,22.9,0.05,29,1.09,True,on_time
INV-11500,CL-1049,Development,393400.0,15,4,11,1,58,19.1,0.05,29,1.12,True,very_late
INV-11501,CL-1000,Design,12300.0,30,4,17,7,34,23.0,0.05,30,0.51,True,very_late
INV-11502,CL-1001,Development,103800.0,30,4,1,6,48,14.4,0.05,30,0.86,True,on_time
INV-11503,CL-1002,Marketing,68000.0,30,4,4,8,12,17.9,0.05,30,1.21,True,on_time
INV-11504,CL-1003,Consulting,123300.0,15,2,16,9,85,17.1,0.05,30,1.19,True,very_late
INV-11505,CL-1004,Photography,58400.0,45,2,12,7,25,56.0,0.167,30,1.46,True,on_time
INV-11506,CL-1005,Copywriting,38700.0,15,6,28,9,27,23.5,0.05,30,0.97,True,on_time
INV-11507,CL-1006,Design,56100.0,15,2,19,7,28,58.4,0.333,30,0.64,True,on_time
INV-11508,CL-1007,Development,91300.0,15,5,28,10,12,33.0,0.167,30,0.82,True,on_time
INV-11509,CL-1008,Marketing,122200.0,30,0,19,9,60,19.9,0.05,30,0.59,True,late
INV-11510,CL-1009,Consulting,54700.0,30,6,3,11,38,14.4,0.05,30,0.85,True,on_time
INV-11511,CL-1010,Photography,97400.0,30,3,22,9,40,48.3,0.9,30,1.52,True,very_late
INV-11512,CL-1011,Copywriting,62300.0,30,2,20,9,58,21.1,0.05,30,0.87,True,late
INV-11513,CL-1012,Design,33300.0,45,1,1,11,90,14.4,0.05,30,0.52,True,very_late
INV-11514,CL-1013,Development,25700.0,15,4,16,4,84,67.0,0.9,30,1.07,True,very_late
INV-11515,CL-1014,Marketing,133900.0,45,3,9,11,68,23.1,0.05,30,0.84,True,late
INV-11516,CL-1015,Consulting,36800.0,30,4,24,11,7,21.6,0.05,30,0.42,True,on_time
INV-11517,CL-1016,Photography,93800.0,30,3,5,4,19,17.1,0.05,30,1.17,True,on_time
INV-11518,CL-1017,Copywriting,24500.0,30,6,14,7,40,22.2,0.05,30,1.02,True,on_time
INV-11519,CL-1018,Design,141900.0,15,5,7,7,34,25.3,0.05,30,0.89,True,on_time
INV-11520,CL-1019,Development,17100.0,45,1,9,11,76,45.1,0.9,30,0.71,True,very_late
INV-11521,CL-1020,Marketing,356600.0,15,0,5,4,3,25.3,0.05,30,1.24,True,on_time
INV-11522,CL-1021,Consulting,78200.0,30,3,16,9,55,55.5,0.5,30,0.81,True,very_late
INV-11523,CL-1022,Photography,30800.0,15,1,6,5,17,18.8,0.05,30,1.28,True,late
INV-11524,CL-1023,Copywriting,132000.0,30,5,18,3,82,16.2,0.05,30,1.5,True,very_late
INV-11525,CL-1024,Design,260000.0,45,3,26,1,7,27.4,0.05,30,1.16,True,on_time
INV-11526,CL-1025,Development,89100.0,15,2,20,5,8,18.7,0.05,30,0.62,True,on_time
INV-11527,CL-1026,Marketing,151900.0,30,2,22,11,11,15.3,0.05,30,0.9,True,on_time
INV-11528,CL-1027,Consulting,29400.0,45,6,5,4,14,46.5,0.833,30,1.84,True,late
INV-11529,CL-1028,Photography,197600.0,45,0,17,11,74,25.9,0.05,30,0.82,True,late
INV-11530,CL-1029,Copywriting,105000.0,45,2,16,2,30,22.5,0.05,30,0.66,True,on_time
INV-11531,CL-1030,Design,391100.0,30,2,27,10,49,25.3,0.05,30,1.12,True,on_time
INV-11532,CL-1031,Development,131600.0,45,1,14,4,18,24.2,0.05,30,0.97,True,on_time
INV-11533,CL-1032,Marketing,14100.0,15,2,15,7,32,53.0,0.167,30,0.59,True,on_time
INV-11534,CL-1033,Consulting,500000.0,15,3,18,6,89,27.6,0.05,30,1.43,True,very_late
INV-11535,CL-1034,Photography,155800.0,30,4,14,8,87,19.3,0.05,30,1.08,True,very_late
INV-11536,CL-1035,Copywriting,138500.0,30,6,5,6,60,21.7,0.05,30,0.64,True,late
INV-11537,CL-1036,Design,375700.0,30,0,21,10,4,25.6,0.05,30,1.07,True,on_time
INV-11538,CL-1037,Development,111400.0,45,6,2,12,85,22.7,0.05,30,0.77,True,very_late
INV-11539,CL-1038,Marketing,293800.0,45,3,10,11,89,26.1,0.05,30,1.31,True,very_late
INV-11540,CL-1039,Consulting,43400.0,45,0,18,4,56,38.9,0.167,30,1.08,True,on_time
INV-11541,CL-1040,Photography,73100.0,30,2,10,2,30,23.9,0.05,30,1.52,True,on_time
INV-11542,CL-1041,Copywriting,92400.0,15,3,21,6,82,45.7,0.167,30,0.5,True,very_late
INV-11543,CL-1042,Design,119900.0,15,2,28,2,62,34.7,0.167,30,0.94,True,very_late
INV-11544,CL-1043,Development,133300.0,30,6,11,12,54,18.1,0.05,30,0.98,True,late
INV-11545,CL-1044,Marketing,80800.0,15,6,6,12,33,46.2,0.167,30,0.51,True,on_time
INV-11546,CL-1045,Consulting,38100.0,30,3,20,12,70,17.3,0.05,30,0.53,True,very_late
INV-11547,CL-1046,Photography,23200.0,30,5,1,1,82,63.5,0.833,30,0.97,True,very_late
INV-11548,CL-1047,Copywriting,88700.0,45,3,26,11,17,17.9,0.05,30,0.74,True,very_late
INV-11549,CL-1048,Design,334100.0,15,5,10,6,73,22.9,0.05,30,1.44,True,late
INV-11550,CL-1049,Development,334500.0,15,1,17,12,83,19.1,0.05,30,0.96,True,very_late
INV-11551,CL-1000,Design,18700.0,45,5,14,6,57,23.0,0.05,31,0.78,True,on_time
INV-11552,CL-1001,Development,213800.0,45,1,9,3,87,14.4,0.05,31,1.78,True,very_late
INV-11553,CL-1002,Marketing,43400.0,30,6,10,4,10,17.9,0.05,31,0.78,True,on_time
INV-11554,CL-1003,Consulting,66100.0,15,3,13,10,28,17.1,0.05,31,0.64,True,very_late
INV-11555,CL-1004,Photography,46800.0,15,4,21,10,80,56.0,0.167,31,1.17,True,very_late
INV-11556,CL-1005,Copywriting,26600.0,15,3,7,5,89,23.5,0.05,31,0.67,True,very_late
INV-11557,CL-1006,Design,79200.0,15,3,20,7,76,58.4,0.333,31,0.9,True,very_late
INV-11558,CL-1007,Development,128300.0,15,2,6,10,15,33.0,0.167,31,1.15,True,very_late
INV-11559,CL-1008,Marketing,194300.0,45,3,25,8,86,19.9,0.05,31,0.93,True,very_late
INV-11560,CL-1009,Consulting,92400.0,15,5,7,4,34,14.4,0.05,31,1.44,True,on_time
INV-11561,CL-1010,Photography,54000.0,30,3,5,7,26,48.3,0.9,31,0.84,True,late
INV-11562,CL-1011,Copywriting,85500.0,30,5,22,4,53,21.1,0.05,31,1.19,True,late
INV-11563,CL-1012,Design,61000.0,15,0,10,5,30,14.4,0.05,31,0.95,True,on_time
INV-11564,CL-1013,Development,12300.0,15,2,19,11,82,67.0,0.9,31,0.51,True,very_late
INV-11565,CL-1014,Marketing,164100.0,15,3,5,6,88,23.1,0.05,31,1.03,True,very_late
INV-11566,CL-1015,Consulting,85300.0,15,5,13,12,54,21.6,0.05,31,0.97,True,very_late
INV-11567,CL-1016,Photography,43600.0,30,0,4,9,7,17.1,0.05,31,0.55,True,late
INV-11568,CL-1017,Copywriting,24300.0,15,3,12,10,85,22.2,0.05,31,1.01,True,very_late
INV-11569,CL-1018,Design,223200.0,45,5,24,1,0,25.3,0.05,31,1.4,True,on_time
INV-11570,CL-1019,Development,28300.0,45,3,10,7,85,45.1,0.9,31,1.18,True,very_late
INV-11571,CL-1020,Marketing,387400.0,45,0,19,3,33,25.3,0.05,31,1.35,True,on_time
INV-11572,CL-1021,Consulting,92700.0,30,2,15,3,11,55.5,0.5,31,0.97,True,very_late
INV-11573,CL-1022,Photography,27900.0,45,3,5,5,14,18.8,0.05,31,1.16,True,on_time
INV-11574,CL-1023,Copywriting,68700.0,15,3,28,5,46,16.2,0.05,31,0.78,True,late
INV-11575,CL-1024,Design,215500.0,30,2,20,5,66,27.4,0.05,31,0.96,True,very_late
INV-11576,CL-1025,Development,193400.0,15,2,24,8,19,18.7,0.05,31,1.34,True,on_time
INV-11577,CL-1026,Marketing,60700.0,45,5,26,8,6,15.3,0.05,31,0.36,True,on_time
INV-11578,CL-1027,Consulting,11100.0,15,1,6,1,60,46.5,0.833,31,0.69,True,very_late
INV-11579,CL-1028,Photography,155600.0,45,3,14,2,63,25.9,0.05,31,0.65,True,late
INV-11580,CL-1029,Copywriting,254700.0,30,5,18,8,58,22.5,0.05,31,1.59,True,late
INV-11581,CL-1030,Design,283100.0,45,6,5,2,44,25.3,0.05,31,0.81,True,on_time
INV-11582,CL-1031,Development,115800.0,30,1,27,3,65,24.2,0.05,31,0.85,True,late
INV-11583,CL-1032,Marketing,16000.0,45,5,19,4,74,53.0,0.167,31,0.67,True,late
INV-11584,CL-1033,Consulting,305400.0,15,4,25,10,23,27.6,0.05,31,0.87,True,on_time
INV-11585,CL-1034,Photography,139200.0,15,1,25,8,86,19.3,0.05,31,0.97,True,very_late
INV-11586,CL-1035,Copywriting,155100.0,30,0,10,11,87,21.7,0.05,31,0.72,True,very_late
INV-11587,CL-1036,Design,220700.0,30,4,4,6,19,25.6,0.05,31,0.63,True,late
INV-11588,CL-1037,Development,101400.0,30,6,23,11,61,22.7,0.05,31,0.7,True,late
INV-11589,CL-1038,Marketing,134100.0,30,4,22,1,42,26.1,0.05,31,0.6,True,on_time
INV-11590,CL-1039,Consulting,56300.0,45,4,15,6,72,38.9,0.167,31,1.41,True,late
INV-11591,CL-1040,Photography,67600.0,15,6,21,5,41,23.9,0.05,31,1.41,True,late
INV-11592,CL-1041,Copywriting,125000.0,45,0,18,10,48,45.7,0.167,31,0.68,True,on_time
INV-11593,CL-1042,Design,97400.0,30,1,8,7,11,34.7,0.167,31,0.76,True,very_late
INV-11594,CL-1043,Development,89500.0,15,1,13,7,36,18.1,0.05,31,0.66,True,late
INV-11595,CL-1044,Marketing,218700.0,45,1,4,5,62,46.2,0.167,31,1.37,True,on_time
INV-11596,CL-1045,Consulting,62400.0,45,6,10,11,77,17.3,0.05,31,0.87,True,late
INV-11597,CL-1046,Photography,53300.0,45,0,27,6,65,63.5,0.833,31,2.22,True,very_late
INV-11598,CL-1047,Copywriting,70100.0,30,3,16,5,72,17.9,0.05,31,0.58,True,very_late
INV-11599,CL-1048,Design,297700.0,15,6,14,6,78,22.9,0.05,31,1.28,True,very_late
INV-11600,CL-1049,Development,307200.0,45,3,3,1,65,19.1,0.05,31,0.88,True,on_time
INV-11601,CL-1000,Design,25600.0,30,5,8,11,87,23.0,0.05,32,1.07,True,very_late
INV-11602,CL-1001,Development,129700.0,30,4,21,11,67,14.4,0.05,32,1.08,True,late
INV-11603,CL-1002,Marketing,40100.0,30,3,3,8,38,17.9,0.05,32,0.72,True,on_time
INV-11604,CL-1003,Consulting,79400.0,15,5,10,4,66,17.1,0.05,32,0.76,True,very_late
INV-11605,CL-1004,Photography,54800.0,45,0,18,2,5,56.0,0.167,32,1.37,True,on_time
INV-11606,CL-1005,Copywriting,60500.0,45,3,14,2,59,23.5,0.05,32,1.51,True,on_time
INV-11607,CL-1006,Design,157700.0,45,6,9,6,32,58.4,0.333,32,1.79,True,very_late
INV-11608,CL-1007,Development,144900.0,45,0,4,12,84,33.0,0.167,32,1.29,True,very_late
INV-11609,CL-1008,Marketing,116500.0,15,6,13,1,10,19.9,0.05,32,0.56,True,on_time
INV-11610,CL-1009,Consulting,49500.0,45,2,11,10,58,14.4,0.05,32,0.77,True,on_time
INV-11611,CL-1010,Photography,44300.0,30,4,26,5,43,48.3,0.9,32,0.69,True,on_time
INV-11612,CL-1011,Copywriting,116300.0,15,1,6,2,77,21.1,0.05,32,1.62,True,very_late
INV-11613,CL-1012,Design,70700.0,45,0,14,9,2,14.4,0.05,32,1.1,True,very_late
INV-11614,CL-1013,Development,17800.0,15,0,6,11,61,67.0,0.9,32,0.74,True,very_late
INV-11615,CL-1014,Marketing,210200.0,30,6,22,12,77,23.1,0.05,32,1.31,True,very_late
INV-11616,CL-1015,Consulting,76000.0,30,4,27,10,46,21.6,0.05,32,0.86,True,on_time
INV-11617,CL-1016,Photography,55000.0,45,5,13,5,11,17.1,0.05,32,0.69,True,on_time
INV-11618,CL-1017,Copywriting,15300.0,15,1,4,1,89,22.2,0.05,32,0.64,True,very_late
INV-11619,CL-1018,Design,227600.0,15,1,16,11,18,25.3,0.05,32,1.42,True,on_time
INV-11620,CL-1019,Development,25600.0,30,6,21,9,24,45.1,0.9,32,1.07,True,very_late
INV-11621,CL-1020,Marketing,289300.0,30,1,16,7,2,25.3,0.05,32,1.0,True,very_late
INV-11622,CL-1021,Consulting,53500.0,15,5,23,8,62,55.5,0.5,32,0.56,True,very_late
INV-11623,CL-1022,Photography,22600.0,30,4,8,4,37,18.8,0.05,32,0.94,True,on_time
INV-11624,CL-1023,Copywriting,102700.0,30,0,11,1,13,16.2,0.05,32,1.17,True,on_time
INV-11625,CL-1024,Design,242700.0,45,3,14,8,74,27.4,0.05,32,1.08,True,late
INV-11626,CL-1025,Development,177900.0,45,2,2,8,51,18.7,0.05,32,1.24,True,on_time
INV-11627,CL-1026,Marketing,210100.0,45,5,20,11,62,15.3,0.05,32,1.25,True,on_time
INV-11628,CL-1027,Consulting,18200.0,15,4,1,7,73,46.5,0.833,32,1.14,True,very_late
INV-11629,CL-1028,Photography,176300.0,15,2,21,7,60,25.9,0.05,32,0.73,True,very_late
INV-11630,CL-1029,Copywriting,242400.0,45,5,12,8,89,22.5,0.05,32,1.51,True,very_late
INV-11631,CL-1030,Design,322000.0,15,2,24,4,60,25.3,0.05,32,0.92,True,very_late
INV-11632,CL-1031,Development,99100.0,15,4,8,10,87,24.2,0.05,32,0.73,True,very_late
INV-11633,CL-1032,Marketing,30300.0,45,6,27,12,84,53.0,0.167,32,1.26,True,very_late
INV-11634,CL-1033,Consulting,257400.0,30,5,23,7,53,27.6,0.05,32,0.74,True,late
INV-11635,CL-1034,Photography,156200.0,45,5,24,6,60,19.3,0.05,32,1.08,True,on_time
INV-11636,CL-1035,Copywriting,200300.0,15,4,7,5,88,21.7,0.05,32,0.93,True,very_late
INV-11637,CL-1036,Design,476500.0,45,3,5,3,25,25.6,0.05,32,1.36,True,on_time
INV-11638,CL-1037,Development,104500.0,30,0,26,7,63,22.7,0.05,32,0.73,True,late
INV-11639,CL-1038,Marketing,337400.0,15,4,2,1,45,26.1,0.05,32,1.51,True,late
INV-11640,CL-1039,Consulting,41100.0,30,5,6,3,64,38.9,0.167,32,1.03,True,very_late
INV-11641,CL-1040,Photography,35500.0,15,2,14,2,79,23.9,0.05,32,0.74,True,very_late
INV-11642,CL-1041,Copywriting,86600.0,45,1,16,5,43,45.7,0.167,32,0.47,True,on_time
INV-11643,CL-1042,Design,74100.0,15,6,18,5,19,34.7,0.167,32,0.58,True,on_time
INV-11644,CL-1043,Development,121200.0,45,4,22,2,90,18.1,0.05,32,0.89,True,very_late
INV-11645,CL-1044,Marketing,128400.0,30,6,15,2,13,46.2,0.167,32,0.8,True,on_time
INV-11646,CL-1045,Consulting,118300.0,45,6,28,2,71,17.3,0.05,32,1.64,True,late
INV-11647,CL-1046,Photography,37500.0,15,1,21,2,26,63.5,0.833,32,1.56,True,very_late
INV-11648,CL-1047,Copywriting,78700.0,15,5,10,12,56,17.9,0.05,32,0.66,True,very_late
INV-11649,CL-1048,Design,417200.0,30,5,28,2,19,22.9,0.05,32,1.8,True,on_time
INV-11650,CL-1049,Development,233800.0,30,6,5,2,25,19.1,0.05,32,0.67,True,on_time
INV-11651,CL-1000,Design,27000.0,30,6,25,1,31,23.0,0.05,33,1.12,True,on_time
INV-11652,CL-1001,Development,129500.0,30,2,10,9,21,14.4,0.05,33,1.08,True,on_time
INV-11653,CL-1002,Marketing,82300.0,30,5,25,7,46,17.9,0.05,33,1.47,True,on_time
INV-11654,CL-1003,Consulting,125300.0,15,1,25,9,53,17.1,0.05,33,1.2,True,very_late
INV-11655,CL-1004,Photography,74100.0,15,6,14,7,52,56.0,0.167,33,1.85,True,very_late
INV-11656,CL-1005,Copywriting,26400.0,45,6,22,6,3,23.5,0.05,33,0.66,True,on_time
INV-11657,CL-1006,Design,182600.0,15,5,26,9,8,58.4,0.333,33,2.08,True,very_late
INV-11658,CL-1007,Development,98700.0,30,3,25,3,55,33.0,0.167,33,0.88,True,late
INV-11659,CL-1008,Marketing,204100.0,15,5,21,3,73,19.9,0.05,33,0.98,True,very_late
INV-11660,CL-1009,Consulting,94800.0,45,5,26,11,66,14.4,0.05,33,1.48,True,late
INV-11661,CL-1010,Photography,68500.0,30,3,22,12,70,48.3,0.9,33,1.07,True,very_late
INV-11662,CL-1011,Copywriting,41900.0,45,5,11,6,1,21.1,0.05,33,0.58,True,on_time
INV-11663,CL-1012,Design,94200.0,45,4,5,12,51,14.4,0.05,33,1.47,True,on_time
INV-11664,CL-1013,Development,24000.0,15,4,20,10,83,67.0,0.9,33,1.0,True,very_late
INV-11665,CL-1014,Marketing,109200.0,30,6,26,11,51,23.1,0.05,33,0.68,True,late
INV-11666,CL-1015,Consulting,121200.0,30,0,2,9,42,21.6,0.05,33,1.38,True,on_time
INV-11667,CL-1016,Photography,139600.0,45,5,5,9,69,17.1,0.05,33,1.75,True,late
INV-11668,CL-1017,Copywriting,39200.0,15,4,18,5,66,22.2,0.05,33,1.63,True,very_late
INV-11669,CL-1018,Design,99200.0,45,1,1,1,69,25.3,0.05,33,0.62,True,late
INV-11670,CL-1019,Development,28600.0,15,6,25,5,54,45.1,0.9,33,1.19,True,very_late
INV-11671,CL-1020,Marketing,368700.0,15,5,2,6,33,25.3,0.05,33,1.28,True,on_time
INV-11672,CL-1021,Consulting,67000.0,30,0,2,11,15,55.5,0.5,33,0.7,True,very_late
INV-11673,CL-1022,Photography,17100.0,45,5,1,8,43,18.8,0.05,33,0.71,True,on_time
INV-11674,CL-1023,Copywriting,79700.0,45,4,19,12,80,16.2,0.05,33,0.91,True,late
INV-11675,CL-1024,Design,284100.0,45,1,12,5,36,27.4,0.05,33,1.27,True,on_time
INV-11676,CL-1025,Development,120100.0,45,4,22,3,48,18.7,0.05,33,0.83,True,on_time
INV-11677,CL-1026,Marketing,195200.0,15,0,11,9,74,15.3,0.05,33,1.16,True,very_late
INV-11678,CL-1027,Consulting,13000.0,30,3,4,3,54,46.5,0.833,33,0.81,True,late
INV-11679,CL-1028,Photography,246700.0,15,0,2,7,16,25.9,0.05,33,1.03,True,on_time
INV-11680,CL-1029,Copywriting,187800.0,30,0,12,11,67,22.5,0.05,33,1.17,True,very_late
INV-11681,CL-1030,Design,233800.0,45,4,25,7,33,25.3,0.05,33,0.67,True,on_time
INV-11682,CL-1031,Development,72600.0,45,3,15,12,62,24.2,0.05,33,0.53,True,on_time
INV-11683,CL-1032,Marketing,18700.0,30,6,6,3,64,53.0,0.167,33,0.78,True,very_late
INV-11684,CL-1033,Consulting,291200.0,45,3,5,12,65,27.6,0.05,33,0.83,True,on_time
INV-11685,CL-1034,Photography,165700.0,15,5,7,8,60,19.3,0.05,33,1.15,True,late
INV-11686,CL-1035,Copywriting,210200.0,15,4,12,2,77,21.7,0.05,33,0.97,True,very_late
INV-11687,CL-1036,Design,500000.0,15,0,12,10,37,25.6,0.05,33,1.43,True,very_late
INV-11688,CL-1037,Development,79900.0,15,0,12,5,47,22.7,0.05,33,0.55,True,late
INV-11689,CL-1038,Marketing,203100.0,30,0,26,3,18,26.1,0.05,33,0.91,True,on_time
INV-11690,CL-1039,Consulting,47700.0,30,0,10,5,27,38.9,0.167,33,1.19,True,on_time
INV-11691,CL-1040,Photography,102400.0,45,3,1,2,70,23.9,0.05,33,2.13,True,late
INV-11692,CL-1041,Copywriting,198200.0,15,3,16,10,39,45.7,0.167,33,1.08,True,late
INV-11693,CL-1042,Design,188500.0,30,6,13,8,77,34.7,0.167,33,1.47,True,very_late
INV-11694,CL-1043,Development,102200.0,15,4,21,8,57,18.1,0.05,33,0.75,True,very_late
INV-11695,CL-1044,Marketing,216300.0,15,6,24,6,11,46.2,0.167,33,1.35,True,on_time
INV-11696,CL-1045,Consulting,41500.0,45,4,14,7,29,17.3,0.05,33,0.58,True,on_time
INV-11697,CL-1046,Photography,23400.0,30,4,2,11,56,63.5,0.833,33,0.97,True,very_late
INV-11698,CL-1047,Copywriting,239300.0,45,0,28,3,90,17.9,0.05,33,1.99,True,late
INV-11699,CL-1048,Design,276900.0,45,6,25,12,39,22.9,0.05,33,1.19,True,on_time
INV-11700,CL-1049,Development,500000.0,15,5,18,2,24,19.1,0.05,33,1.43,True,on_time
INV-11701,CL-1000,Design,28500.0,45,4,25,1,72,23.0,0.05,34,1.19,True,late
INV-11702,CL-1001,Development,128500.0,30,4,1,2,84,14.4,0.05,34,1.07,True,very_late
INV-11703,CL-1002,Marketing,65200.0,15,0,9,4,31,17.9,0.05,34,1.16,True,on_time
INV-11704,CL-1003,Consulting,132000.0,45,3,3,9,77,17.1,0.05,34,1.27,True,late
INV-11705,CL-1004,Photography,37000.0,45,0,16,1,43,56.0,0.167,34,0.93,True,on_time
INV-11706,CL-1005,Copywriting,31600.0,30,0,28,9,40,23.5,0.05,34,0.79,True,on_time
INV-11707,CL-1006,Design,176700.0,15,0,4,9,21,58.4,0.333,34,2.01,True,very_late
INV-11708,CL-1007,Development,92400.0,15,2,25,2,19,33.0,0.167,34,0.82,True,on_time
INV-11709,CL-1008,Marketing,279200.0,30,5,6,1,78,19.9,0.05,34,1.34,True,very_late
INV-11710,CL-1009,Consulting,40700.0,15,0,23,1,38,14.4,0.05,34,0.64,True,late
INV-11711,CL-1010,Photography,51700.0,30,1,14,6,33,48.3,0.9,34,0.81,True,very_late
INV-11712,CL-1011,Copywriting,83600.0,15,0,7,4,76,21.1,0.05,34,1.16,True,very_late
INV-11713,CL-1012,Design,34400.0,30,4,25,9,49,14.4,0.05,34,0.54,True,on_time
INV-11714,CL-1013,Development,26200.0,30,0,11,8,70,67.0,0.9,34,1.09,True,very_late
INV-11715,CL-1014,Marketing,186900.0,30,0,14,11,29,23.1,0.05,34,1.17,True,on_time
INV-11716,CL-1015,Consulting,103600.0,15,2,18,10,86,21.6,0.05,34,1.18,True,late
INV-11717,CL-1016,Photography,96000.0,45,5,26,3,38,17.1,0.05,34,1.2,True,on_time
INV-11718,CL-1017,Copywriting,53200.0,30,0,28,11,64,22.2,0.05,34,2.22,True,late
INV-11719,CL-1018,Design,195600.0,15,2,18,3,31,25.3,0.05,34,1.22,True,on_time
INV-11720,CL-1019,Development,15300.0,30,4,15,1,0,45.1,0.9,34,0.64,True,late
INV-11721,CL-1020,Marketing,303000.0,45,2,21,3,0,25.3,0.05,34,1.05,True,on_time
INV-11722,CL-1021,Consulting,100900.0,30,2,20,5,87,55.5,0.5,34,1.05,True,very_late
INV-11723,CL-1022,Photography,30600.0,30,6,21,4,74,18.8,0.05,34,1.27,True,very_late
INV-11724,CL-1023,Copywriting,84600.0,30,0,6,12,68,16.2,0.05,34,0.96,True,very_late
INV-11725,CL-1024,Design,195600.0,30,0,13,12,15,27.4,0.05,34,0.87,True,on_time
INV-11726,CL-1025,Development,121800.0,45,4,9,7,26,18.7,0.05,34,0.85,True,on_time
INV-11727,CL-1026,Marketing,160700.0,30,5,11,11,33,15.3,0.05,34,0.96,True,on_time
INV-11728,CL-1027,Consulting,5700.0,45,3,9,4,84,46.5,0.833,34,0.36,True,very_late
INV-11729,CL-1028,Photography,351300.0,30,1,15,10,42,25.9,0.05,34,1.46,True,very_late
INV-11730,CL-1029,Copywriting,161100.0,45,1,21,1,77,22.5,0.05,34,1.01,True,late
INV-11731,CL-1030,Design,500000.0,15,5,6,7,71,25.3,0.05,34,1.43,True,very_late
INV-11732,CL-1031,Development,143700.0,45,3,25,7,68,24.2,0.05,34,1.06,True,late
INV-11733,CL-1032,Marketing,25500.0,45,5,3,9,3,53.0,0.167,34,1.06,True,on_time
INV-11734,CL-1033,Consulting,303000.0,45,3,22,2,45,27.6,0.05,34,0.87,True,on_time
INV-11735,CL-1034,Photography,122800.0,30,6,20,6,49,19.3,0.05,34,0.85,True,on_time
INV-11736,CL-1035,Copywriting,209200.0,45,0,4,8,47,21.7,0.05,34,0.97,True,on_time
INV-11737,CL-1036,Design,356500.0,30,0,8,12,2,25.6,0.05,34,1.02,True,on_time
INV-11738,CL-1037,Development,112000.0,45,5,12,4,11,22.7,0.05,34,0.78,True,on_time
INV-11739,CL-1038,Marketing,315400.0,45,2,26,12,28,26.1,0.05,34,1.41,True,on_time
INV-11740,CL-1039,Consulting,59900.0,30,2,2,5,63,38.9,0.167,34,1.5,True,late
INV-11741,CL-1040,Photography,43200.0,45,4,7,1,25,23.9,0.05,34,0.9,True,on_time
INV-11742,CL-1041,Copywriting,162100.0,45,3,4,5,72,45.7,0.167,34,0.88,True,late
INV-11743,CL-1042,Design,89900.0,15,4,7,11,72,34.7,0.167,34,0.7,True,very_late
INV-11744,CL-1043,Development,232300.0,45,4,6,2,75,18.1,0.05,34,1.71,True,late
INV-11745,CL-1044,Marketing,115800.0,15,1,9,10,29,46.2,0.167,34,0.72,True,on_time
INV-11746,CL-1045,Consulting,64200.0,45,6,9,4,86,17.3,0.05,34,0.89,True,late
INV-11747,CL-1046,Photography,28600.0,45,5,18,10,32,63.5,0.833,34,1.19,True,very_late
INV-11748,CL-1047,Copywriting,143500.0,30,0,14,11,86,17.9,0.05,34,1.2,True,very_late
INV-11749,CL-1048,Design,308600.0,15,6,11,7,52,22.9,0.05,34,1.33,True,very_late
INV-11750,CL-1049,Development,328300.0,45,4,15,8,46,19.1,0.05,34,0.94,True,on_time
INV-11751,CL-1000,Design,36300.0,15,5,8,1,35,23.0,0.05,35,1.51,True,on_time
INV-11752,CL-1001,Development,121900.0,45,3,11,1,50,14.4,0.05,35,1.02,True,on_time
INV-11753,CL-1002,Marketing,47000.0,15,4,26,1,28,17.9,0.05,35,0.84,True,on_time
INV-11754,CL-1003,Consulting,116400.0,30,0,8,4,21,17.1,0.05,35,1.12,True,on_time
INV-11755,CL-1004,Photography,47700.0,15,5,21,2,3,56.0,0.167,35,1.19,True,on_time
INV-11756,CL-1005,Copywriting,61300.0,15,4,26,11,42,23.5,0.05,35,1.53,True,late
INV-11757,CL-1006,Design,160200.0,15,0,16,4,43,58.4,0.333,35,1.82,True,late
INV-11758,CL-1007,Development,130400.0,30,4,26,4,9,33.0,0.167,35,1.16,True,on_time
INV-11759,CL-1008,Marketing,157400.0,45,3,25,2,80,19.9,0.05,35,0.76,True,late
INV-11760,CL-1009,Consulting,100200.0,15,0,2,1,48,14.4,0.05,35,1.57,True,late
INV-11761,CL-1010,Photography,76300.0,45,0,26,3,7,48.3,0.9,35,1.19,True,on_time
INV-11762,CL-1011,Copywriting,51400.0,30,0,10,10,80,21.1,0.05,35,0.71,True,very_late
INV-11763,CL-1012,Design,52200.0,15,5,2,9,6,14.4,0.05,35,0.82,True,on_time
INV-11764,CL-1013,Development,22400.0,30,3,4,10,52,67.0,0.9,35,0.93,True,very_late
INV-11765,CL-1014,Marketing,84300.0,45,6,22,10,1,23.1,0.05,35,0.53,True,on_time
INV-11766,CL-1015,Consulting,148600.0,30,6,14,10,79,21.6,0.05,35,1.69,True,very_late
INV-11767,CL-1016,Photography,77200.0,45,5,26,1,58,17.1,0.05,35,0.96,True,on_time
INV-11768,CL-1017,Copywriting,50000.0,45,1,4,2,1,22.2,0.05,35,2.08,True,on_time
INV-11769,CL-1018,Design,202900.0,15,4,26,4,73,25.3,0.05,35,1.27,True,very_late
INV-11770,CL-1019,Development,23600.0,45,2,12,7,61,45.1,0.9,35,0.98,True,late
INV-11771,CL-1020,Marketing,323400.0,30,1,8,3,5,25.3,0.05,35,1.12,True,very_late
INV-11772,CL-1021,Consulting,130600.0,30,4,14,9,83,55.5,0.5,35,1.36,True,very_late
INV-11773,CL-1022,Photography,38900.0,30,4,18,3,18,18.8,0.05,35,1.62,True,on_time
INV-11774,CL-1023,Copywriting,111900.0,45,2,10,6,1,16.2,0.05,35,1.27,True,on_time
INV-11775,CL-1024,Design,151800.0,45,5,5,1,30,27.4,0.05,35,0.68,True,on_time
INV-11776,CL-1025,Development,119600.0,45,6,2,7,44,18.7,0.05,35,0.83,True,on_time
INV-11777,CL-1026,Marketing,189700.0,15,5,7,2,43,15.3,0.05,35,1.13,True,late
INV-11778,CL-1027,Consulting,8400.0,30,5,23,8,76,46.5,0.833,35,0.53,True,late
INV-11779,CL-1028,Photography,300300.0,45,4,11,10,38,25.9,0.05,35,1.25,True,on_time
INV-11780,CL-1029,Copywriting,153800.0,15,0,15,1,63,22.5,0.05,35,0.96,True,very_late
INV-11781,CL-1030,Design,379700.0,15,5,8,12,29,25.3,0.05,35,1.08,True,on_time
INV-11782,CL-1031,Development,63200.0,15,1,16,12,42,24.2,0.05,35,0.46,True,late
INV-11783,CL-1032,Marketing,33600.0,30,1,13,3,0,53.0,0.167,35,1.4,True,on_time
INV-11784,CL-1033,Consulting,379200.0,15,2,1,9,14,27.6,0.05,35,1.08,True,on_time
INV-11785,CL-1034,Photography,155800.0,30,1,21,10,46,19.3,0.05,35,1.08,True,very_late
INV-11786,CL-1035,Copywriting,194600.0,15,1,7,5,22,21.7,0.05,35,0.9,True,on_time
INV-11787,CL-1036,Design,391600.0,30,5,6,6,70,25.6,0.05,35,1.12,True,very_late
INV-11788,CL-1037,Development,92300.0,15,0,6,5,12,22.7,0.05,35,0.64,True,very_late
INV-11789,CL-1038,Marketing,167400.0,45,1,13,11,14,26.1,0.05,35,0.75,True,on_time
INV-11790,CL-1039,Consulting,30100.0,15,2,15,4,47,38.9,0.167,35,0.75,True,late
INV-11791,CL-1040,Photography,101000.0,45,1,17,10,55,23.9,0.05,35,2.1,True,on_time
INV-11792,CL-1041,Copywriting,360300.0,15,0,5,3,24,45.7,0.167,35,1.96,True,late
INV-11793,CL-1042,Design,131200.0,30,5,12,6,76,34.7,0.167,35,1.02,True,very_late
INV-11794,CL-1043,Development,106600.0,45,1,2,10,75,18.1,0.05,35,0.78,True,late
INV-11795,CL-1044,Marketing,246900.0,45,2,26,3,41,46.2,0.167,35,1.54,True,on_time
INV-11796,CL-1045,Consulting,104600.0,45,6,9,3,65,17.3,0.05,35,1.45,True,on_time
INV-11797,CL-1046,Photography,53700.0,30,1,24,2,60,63.5,0.833,35,2.24,True,very_late
INV-11798,CL-1047,Copywriting,186500.0,45,0,6,9,49,17.9,0.05,35,1.55,True,on_time
INV-11799,CL-1048,Design,165000.0,45,6,17,6,63,22.9,0.05,35,0.71,True,on_time
INV-11800,CL-1049,Development,393700.0,15,2,23,6,67,19.1,0.05,35,1.12,True,very_late
INV-11801,CL-1000,Design,18000.0,45,3,16,5,74,23.0,0.05,36,0.75,True,late
INV-11802,CL-1001,Development,245900.0,45,5,2,4,28,14.4,0.05,36,2.05,True,on_time
INV-11803,CL-1002,Marketing,73600.0,30,6,8,7,27,17.9,0.05,36,1.31,True,on_time
INV-11804,CL-1003,Consulting,79200.0,30,4,6,6,32,17.1,0.05,36,0.76,True,on_time
INV-11805,CL-1004,Photography,24900.0,15,6,3,5,56,56.0,0.167,36,0.62,True,very_late
INV-11806,CL-1005,Copywriting,40500.0,15,4,2,8,65,23.5,0.05,36,1.01,True,very_late
INV-11807,CL-1006,Design,82700.0,30,3,15,7,52,58.4,0.333,36,0.94,True,late
INV-11808,CL-1007,Development,142700.0,30,2,9,7,3,33.0,0.167,36,1.27,True,late
INV-11809,CL-1008,Marketing,147300.0,15,2,21,2,45,19.9,0.05,36,0.71,True,late
INV-11810,CL-1009,Consulting,97200.0,30,6,17,9,69,14.4,0.05,36,1.52,True,very_late
INV-11811,CL-1010,Photography,39600.0,30,1,4,2,9,48.3,0.9,36,0.62,True,very_late
INV-11812,CL-1011,Copywriting,36000.0,45,1,11,4,86,21.1,0.05,36,0.5,True,very_late
INV-11813,CL-1012,Design,124400.0,30,5,27,11,35,14.4,0.05,36,1.94,True,on_time
INV-11814,CL-1013,Development,17900.0,45,1,28,12,69,67.0,0.9,36,0.75,True,late
INV-11815,CL-1014,Marketing,93200.0,15,6,10,5,44,23.1,0.05,36,0.58,True,late
INV-11816,CL-1015,Consulting,108400.0,30,3,27,10,83,21.6,0.05,36,1.23,True,very_late
INV-11817,CL-1016,Photography,73700.0,45,4,25,3,50,17.1,0.05,36,0.92,True,on_time
INV-11818,CL-1017,Copywriting,27800.0,45,5,7,8,29,22.2,0.05,36,1.16,True,on_time
INV-11819,CL-1018,Design,142100.0,45,6,15,12,59,25.3,0.05,36,0.89,True,on_time
INV-11820,CL-1019,Development,23000.0,15,2,28,4,54,45.1,0.9,36,0.96,True,late
INV-11821,CL-1020,Marketing,242000.0,45,3,7,8,57,25.3,0.05,36,0.84,True,on_time
INV-11822,CL-1021,Consulting,67900.0,15,2,5,10,16,55.5,0.5,36,0.71,True,very_late
INV-11823,CL-1022,Photography,18100.0,45,0,16,11,45,18.8,0.05,36,0.75,True,on_time
INV-11824,CL-1023,Copywriting,96300.0,30,3,22,7,88,16.2,0.05,36,1.09,True,very_late
INV-11825,CL-1024,Design,294600.0,30,4,1,10,4,27.4,0.05,36,1.32,True,on_time
INV-11826,CL-1025,Development,166100.0,15,2,19,11,77,18.7,0.05,36,1.15,True,very_late
INV-11827,CL-1026,Marketing,196300.0,45,6,13,7,26,15.3,0.05,36,1.17,True,on_time
INV-11828,CL-1027,Consulting,16900.0,15,4,13,4,60,46.5,0.833,36,1.06,True,very_late
INV-11829,CL-1028,Photography,240600.0,45,3,21,5,11,25.9,0.05,36,1.0,True,on_time
INV-11830,CL-1029,Copywriting,169200.0,45,4,6,1,88,22.5,0.05,36,1.06,True,very_late
INV-11831,CL-1030,Design,308600.0,15,1,7,2,49,25.3,0.05,36,0.88,True,late
INV-11832,CL-1031,Development,155000.0,15,2,22,9,8,24.2,0.05,36,1.14,True,on_time
INV-11833,CL-1032,Marketing,36400.0,30,4,1,3,41,53.0,0.167,36,1.52,True,on_time
INV-11834,CL-1033,Consulting,452100.0,30,3,6,2,16,27.6,0.05,36,1.29,True,on_time
INV-11835,CL-1034,Photography,137000.0,30,5,3,7,26,19.3,0.05,36,0.95,True,on_time
INV-11836,CL-1035,Copywriting,309700.0,15,2,14,12,85,21.7,0.05,36,1.43,True,very_late
INV-11837,CL-1036,Design,234600.0,45,4,10,10,25,25.6,0.05,36,0.67,True,on_time
INV-11838,CL-1037,Development,140800.0,45,3,9,4,0,22.7,0.05,36,0.98,True,on_time
INV-11839,CL-1038,Marketing,229800.0,30,0,27,7,77,26.1,0.05,36,1.03,True,very_late
INV-11840,CL-1039,Consulting,60700.0,45,2,19,8,58,38.9,0.167,36,1.52,True,on_time
INV-11841,CL-1040,Photography,32400.0,15,5,3,5,82,23.9,0.05,36,0.68,True,very_late
INV-11842,CL-1041,Copywriting,195900.0,30,2,23,12,38,45.7,0.167,36,1.06,True,on_time
INV-11843,CL-1042,Design,158100.0,15,3,8,3,79,34.7,0.167,36,1.24,True,very_late
INV-11844,CL-1043,Development,324600.0,30,3,22,3,89,18.1,0.05,36,2.39,True,very_late
INV-11845,CL-1044,Marketing,250000.0,30,5,2,4,20,46.2,0.167,36,1.56,True,late
INV-11846,CL-1045,Consulting,86800.0,45,4,10,11,8,17.3,0.05,36,1.21,True,on_time
INV-11847,CL-1046,Photography,36800.0,45,1,16,7,70,63.5,0.833,36,1.53,True,very_late
INV-11848,CL-1047,Copywriting,162800.0,30,0,25,2,64,17.9,0.05,36,1.36,True,late
INV-11849,CL-1048,Design,189900.0,30,3,15,3,32,22.9,0.05,36,0.82,True,on_time
INV-11850,CL-1049,Development,485200.0,15,3,1,2,81,19.1,0.05,36,1.39,True,very_late
INV-11851,CL-1000,Design,34800.0,45,3,13,6,51,23.0,0.05,37,1.45,True,on_time
INV-11852,CL-1001,Development,87100.0,30,0,1,5,14,14.4,0.05,37,0.73,True,on_time
INV-11853,CL-1002,Marketing,53300.0,15,2,22,12,59,17.9,0.05,37,0.95,True,very_late
INV-11854,CL-1003,Consulting,86600.0,15,0,18,11,31,17.1,0.05,37,0.83,True,on_time
INV-11855,CL-1004,Photography,46400.0,30,1,16,5,20,56.0,0.167,37,1.16,True,on_time
INV-11856,CL-1005,Copywriting,24200.0,15,4,4,3,37,23.5,0.05,37,0.6,True,late
INV-11857,CL-1006,Design,97100.0,45,3,6,2,85,58.4,0.333,37,1.1,True,very_late
INV-11858,CL-1007,Development,159600.0,45,2,5,8,45,33.0,0.167,37,1.43,True,on_time
INV-11859,CL-1008,Marketing,500000.0,45,0,22,9,27,19.9,0.05,37,2.4,True,on_time
INV-11860,CL-1009,Consulting,60100.0,15,6,21,9,82,14.4,0.05,37,0.94,True,very_late
INV-11861,CL-1010,Photography,90700.0,45,0,13,12,39,48.3,0.9,37,1.42,True,late
INV-11862,CL-1011,Copywriting,40600.0,45,0,2,7,25,21.1,0.05,37,0.56,True,on_time
INV-11863,CL-1012,Design,51500.0,30,1,7,2,2,14.4,0.05,37,0.8,True,on_time
INV-11864,CL-1013,Development,28600.0,15,2,27,4,87,67.0,0.9,37,1.19,True,very_late
INV-11865,CL-1014,Marketing,105100.0,15,0,26,11,21,23.1,0.05,37,0.66,True,on_time
INV-11866,CL-1015,Consulting,118800.0,15,3,17,2,41,21.6,0.05,37,1.35,True,late
INV-11867,CL-1016,Photography,39500.0,45,1,20,4,69,17.1,0.05,37,0.49,True,late
INV-11868,CL-1017,Copywriting,31700.0,30,0,8,4,13,22.2,0.05,37,1.32,True,on_time
INV-11869,CL-1018,Design,136300.0,15,0,13,11,40,25.3,0.05,37,0.85,True,very_late
INV-11870,CL-1019,Development,21100.0,15,3,8,2,84,45.1,0.9,37,0.88,True,very_late
INV-11871,CL-1020,Marketing,224300.0,45,4,12,1,8,25.3,0.05,37,0.78,True,on_time
INV-11872,CL-1021,Consulting,107400.0,30,2,25,10,63,55.5,0.5,37,1.12,True,late
INV-11873,CL-1022,Photography,16900.0,15,5,18,10,21,18.8,0.05,37,0.7,True,on_time
INV-11874,CL-1023,Copywriting,41100.0,15,4,11,11,89,16.2,0.05,37,0.47,True,very_late
INV-11875,CL-1024,Design,369400.0,45,1,11,3,81,27.4,0.05,37,1.65,True,very_late
INV-11876,CL-1025,Development,117300.0,45,2,28,11,61,18.7,0.05,37,0.81,True,on_time
INV-11877,CL-1026,Marketing,260500.0,15,4,19,8,48,15.3,0.05,37,1.55,True,late
INV-11878,CL-1027,Consulting,12600.0,45,1,17,10,90,46.5,0.833,37,0.79,True,very_late
INV-11879,CL-1028,Photography,248800.0,15,0,20,2,39,25.9,0.05,37,1.04,True,late
INV-11880,CL-1029,Copywriting,176300.0,30,6,8,10,10,22.5,0.05,37,1.1,True,on_time
INV-11881,CL-1030,Design,391800.0,30,3,10,4,19,25.3,0.05,37,1.12,True,on_time
INV-11882,CL-1031,Development,102300.0,45,0,8,12,76,24.2,0.05,37,0.75,True,late
INV-11883,CL-1032,Marketing,26000.0,30,5,11,3,35,53.0,0.167,37,1.08,True,on_time
INV-11884,CL-1033,Consulting,248800.0,15,4,26,7,82,27.6,0.05,37,0.71,True,very_late
INV-11885,CL-1034,Photography,181700.0,15,1,28,12,42,19.3,0.05,37,1.26,True,late
INV-11886,CL-1035,Copywriting,306700.0,15,4,2,11,31,21.7,0.05,37,1.42,True,on_time
INV-11887,CL-1036,Design,266200.0,45,5,8,10,48,25.6,0.05,37,0.76,True,on_time
INV-11888,CL-1037,Development,77500.0,15,3,21,1,8,22.7,0.05,37,0.54,True,on_time
INV-11889,CL-1038,Marketing,118000.0,15,1,2,11,18,26.1,0.05,37,0.53,True,on_time
INV-11890,CL-1039,Consulting,19300.0,15,0,6,10,70,38.9,0.167,37,0.48,True,very_late
INV-11891,CL-1040,Photography,45500.0,15,1,17,2,54,23.9,0.05,37,0.95,True,very_late
INV-11892,CL-1041,Copywriting,127700.0,30,1,24,4,31,45.7,0.167,37,0.69,True,on_time
INV-11893,CL-1042,Design,150600.0,45,1,10,5,73,34.7,0.167,37,1.18,True,late
INV-11894,CL-1043,Development,151900.0,45,1,9,8,10,18.1,0.05,37,1.12,True,on_time
INV-11895,CL-1044,Marketing,170500.0,30,3,13,3,60,46.2,0.167,37,1.07,True,late
INV-11896,CL-1045,Consulting,88400.0,45,4,24,7,19,17.3,0.05,37,1.23,True,on_time
INV-11897,CL-1046,Photography,26300.0,30,0,25,7,54,63.5,0.833,37,1.1,True,late
INV-11898,CL-1047,Copywriting,120300.0,30,4,18,3,70,17.9,0.05,37,1.0,True,very_late
INV-11899,CL-1048,Design,219000.0,30,3,15,5,58,22.9,0.05,37,0.94,True,late
INV-11900,CL-1049,Development,247200.0,45,4,16,2,42,19.1,0.05,37,0.71,True,on_time
INV-11901,CL-1000,Design,14800.0,30,1,5,4,0,23.0,0.05,38,0.62,True,very_late
INV-11902,CL-1001,Development,78400.0,45,5,24,6,62,14.4,0.05,38,0.65,True,on_time
INV-11903,CL-1002,Marketing,41000.0,30,3,24,6,49,17.9,0.05,38,0.73,True,on_time
INV-11904,CL-1003,Consulting,105300.0,45,4,3,7,4,17.1,0.05,38,1.01,True,on_time
INV-11905,CL-1004,Photography,50300.0,15,3,19,3,24,56.0,0.167,38,1.26,True,on_time
INV-11906,CL-1005,Copywriting,28200.0,30,6,25,12,44,23.5,0.05,38,0.7,True,on_time
INV-11907,CL-1006,Design,65200.0,30,5,23,6,89,58.4,0.333,38,0.74,True,very_late
INV-11908,CL-1007,Development,71900.0,30,3,24,4,31,33.0,0.167,38,0.64,True,on_time
INV-11909,CL-1008,Marketing,181900.0,30,5,23,11,3,19.9,0.05,38,0.87,True,on_time
INV-11910,CL-1009,Consulting,55700.0,45,1,9,10,58,14.4,0.05,38,0.87,True,on_time
INV-11911,CL-1010,Photography,55600.0,15,2,8,10,74,48.3,0.9,38,0.87,True,very_late
INV-11912,CL-1011,Copywriting,70900.0,15,0,4,2,82,21.1,0.05,38,0.98,True,very_late
INV-11913,CL-1012,Design,50600.0,30,3,23,10,10,14.4,0.05,38,0.79,True,on_time
INV-11914,CL-1013,Development,15900.0,15,3,6,7,32,67.0,0.9,38,0.66,True,very_late
INV-11915,CL-1014,Marketing,242000.0,45,4,22,7,75,23.1,0.05,38,1.51,True,late
INV-11916,CL-1015,Consulting,82000.0,30,6,24,2,13,21.6,0.05,38,0.93,True,on_time
INV-11917,CL-1016,Photography,115000.0,30,6,5,5,26,17.1,0.05,38,1.44,True,on_time
INV-11918,CL-1017,Copywriting,17100.0,30,5,10,1,21,22.2,0.05,38,0.71,True,on_time
INV-11919,CL-1018,Design,246700.0,15,0,3,12,53,25.3,0.05,38,1.54,True,very_late
INV-11920,CL-1019,Development,17100.0,45,2,24,7,21,45.1,0.9,38,0.71,True,very_late
INV-11921,CL-1020,Marketing,232300.0,15,5,5,4,62,25.3,0.05,38,0.81,True,very_late
INV-11922,CL-1021,Consulting,135200.0,15,3,19,4,23,55.5,0.5,38,1.41,True,very_late
INV-11923,CL-1022,Photography,42100.0,45,1,26,4,33,18.8,0.05,38,1.75,True,on_time
INV-11924,CL-1023,Copywriting,128900.0,30,3,21,10,13,16.2,0.05,38,1.46,True,on_time
INV-11925,CL-1024,Design,212500.0,15,0,10,2,48,27.4,0.05,38,0.95,True,late
INV-11926,CL-1025,Development,119800.0,15,2,1,10,30,18.7,0.05,38,0.83,True,on_time
INV-11927,CL-1026,Marketing,264400.0,45,6,4,1,7,15.3,0.05,38,1.57,True,on_time
INV-11928,CL-1027,Consulting,14100.0,15,5,19,1,12,46.5,0.833,38,0.88,True,very_late
INV-11929,CL-1028,Photography,147200.0,15,3,20,9,34,25.9,0.05,38,0.61,True,on_time
INV-11930,CL-1029,Copywriting,124200.0,30,6,11,10,54,22.5,0.05,38,0.78,True,late
INV-11931,CL-1030,Design,298800.0,45,2,11,4,46,25.3,0.05,38,0.85,True,on_time
INV-11932,CL-1031,Development,135700.0,30,4,2,6,42,24.2,0.05,38,1.0,True,on_time
INV-11933,CL-1032,Marketing,21100.0,15,3,28,12,51,53.0,0.167,38,0.88,True,very_late
INV-11934,CL-1033,Consulting,391400.0,15,0,20,2,67,27.6,0.05,38,1.12,True,very_late
INV-11935,CL-1034,Photography,151200.0,45,6,27,4,47,19.3,0.05,38,1.05,True,on_time
INV-11936,CL-1035,Copywriting,132800.0,45,5,28,8,65,21.7,0.05,38,0.61,True,on_time
INV-11937,CL-1036,Design,238400.0,15,0,21,6,2,25.6,0.05,38,0.68,True,on_time
INV-11938,CL-1037,Development,111200.0,15,6,24,6,86,22.7,0.05,38,0.77,True,very_late
INV-11939,CL-1038,Marketing,312400.0,45,3,13,12,78,26.1,0.05,38,1.39,True,late
INV-11940,CL-1039,Consulting,23400.0,30,3,16,11,89,38.9,0.167,38,0.58,True,very_late
INV-11941,CL-1040,Photography,53300.0,45,3,10,10,24,23.9,0.05,38,1.11,True,on_time
INV-11942,CL-1041,Copywriting,96500.0,45,4,26,12,64,45.7,0.167,38,0.52,True,late
INV-11943,CL-1042,Design,125200.0,30,6,3,5,86,34.7,0.167,38,0.98,True,very_late
INV-11944,CL-1043,Development,63100.0,30,1,15,2,61,18.1,0.05,38,0.46,True,late
INV-11945,CL-1044,Marketing,168200.0,15,1,7,3,84,46.2,0.167,38,1.05,True,very_late
INV-11946,CL-1045,Consulting,91800.0,15,3,23,1,20,17.3,0.05,38,1.27,True,on_time
INV-11947,CL-1046,Photography,18100.0,30,3,25,5,28,63.5,0.833,38,0.75,True,on_time
INV-11948,CL-1047,Copywriting,104600.0,45,3,22,2,85,17.9,0.05,38,0.87,True,very_late
INV-11949,CL-1048,Design,377800.0,45,5,24,8,11,22.9,0.05,38,1.63,True,on_time
INV-11950,CL-1049,Development,406800.0,30,6,8,10,76,19.1,0.05,38,1.16,True,late
INV-11951,CL-1000,Design,19800.0,30,3,23,12,48,23.0,0.05,39,0.82,True,on_time
INV-11952,CL-1001,Development,215200.0,45,6,14,4,28,14.4,0.05,39,1.79,True,on_time
INV-11953,CL-1002,Marketing,98500.0,30,0,4,2,43,17.9,0.05,39,1.76,True,on_time
INV-11954,CL-1003,Consulting,165400.0,15,5,4,10,47,17.1,0.05,39,1.59,True,late
INV-11955,CL-1004,Photography,49100.0,30,3,19,12,0,56.0,0.167,39,1.23,True,on_time
INV-11956,CL-1005,Copywriting,24400.0,45,4,7,7,54,23.5,0.05,39,0.61,True,on_time
INV-11957,CL-1006,Design,125300.0,30,6,22,3,66,58.4,0.333,39,1.42,True,very_late
INV-11958,CL-1007,Development,66300.0,45,1,4,7,1,33.0,0.167,39,0.59,True,on_time
INV-11959,CL-1008,Marketing,201700.0,30,2,5,5,28,19.9,0.05,39,0.97,True,on_time
INV-11960,CL-1009,Consulting,89200.0,30,1,20,5,18,14.4,0.05,39,1.39,True,on_time
INV-11961,CL-1010,Photography,122500.0,45,0,20,6,39,48.3,0.9,39,1.91,True,late
INV-11962,CL-1011,Copywriting,63800.0,45,0,9,12,73,21.1,0.05,39,0.89,True,late
INV-11963,CL-1012,Design,58400.0,15,3,10,12,48,14.4,0.05,39,0.91,True,late
INV-11964,CL-1013,Development,33600.0,30,1,27,12,26,67.0,0.9,39,1.4,True,on_time
INV-11965,CL-1014,Marketing,105900.0,15,5,24,1,22,23.1,0.05,39,0.66,True,on_time
INV-11966,CL-1015,Consulting,111300.0,45,3,10,11,20,21.6,0.05,39,1.26,True,on_time
INV-11967,CL-1016,Photography,109100.0,45,3,11,7,86,17.1,0.05,39,1.36,True,very_late
INV-11968,CL-1017,Copywriting,24500.0,30,6,13,7,9,22.2,0.05,39,1.02,True,on_time
INV-11969,CL-1018,Design,247800.0,30,2,23,4,89,25.3,0.05,39,1.55,True,very_late
INV-11970,CL-1019,Development,21200.0,30,0,5,6,74,45.1,0.9,39,0.88,True,very_late
INV-11971,CL-1020,Marketing,328900.0,15,6,23,5,58,25.3,0.05,39,1.14,True,very_late
INV-11972,CL-1021,Consulting,77900.0,45,1,15,12,61,55.5,0.5,39,0.81,True,very_late
INV-11973,CL-1022,Photography,20800.0,15,1,7,12,25,18.8,0.05,39,0.87,True,on_time
INV-11974,CL-1023,Copywriting,106200.0,15,2,24,10,13,16.2,0.05,39,1.21,True,on_time
INV-11975,CL-1024,Design,203100.0,15,3,14,11,21,27.4,0.05,39,0.91,True,on_time
INV-11976,CL-1025,Development,172500.0,15,2,16,3,6,18.7,0.05,39,1.2,True,on_time
INV-11977,CL-1026,Marketing,360800.0,45,5,11,10,55,15.3,0.05,39,2.15,True,on_time
INV-11978,CL-1027,Consulting,13100.0,45,5,13,4,4,46.5,0.833,39,0.82,True,very_late
INV-11979,CL-1028,Photography,232300.0,30,3,10,12,76,25.9,0.05,39,0.97,True,very_late
INV-11980,CL-1029,Copywriting,236500.0,45,5,13,12,85,22.5,0.05,39,1.48,True,very_late
INV-11981,CL-1030,Design,270900.0,30,6,27,11,48,25.3,0.05,39,0.77,True,on_time
INV-11982,CL-1031,Development,138400.0,45,3,12,1,15,24.2,0.05,39,1.02,True,on_time
INV-11983,CL-1032,Marketing,19400.0,15,3,21,11,65,53.0,0.167,39,0.81,True,very_late
INV-11984,CL-1033,Consulting,390300.0,45,4,19,8,35,27.6,0.05,39,1.12,True,on_time
INV-11985,CL-1034,Photography,291500.0,15,6,19,3,49,19.3,0.05,39,2.02,True,late
INV-11986,CL-1035,Copywriting,188000.0,45,5,14,5,73,21.7,0.05,39,0.87,True,late
INV-11987,CL-1036,Design,395300.0,30,0,23,9,23,25.6,0.05,39,1.13,True,on_time
INV-11988,CL-1037,Development,163100.0,45,0,13,9,68,22.7,0.05,39,1.13,True,late
INV-11989,CL-1038,Marketing,267400.0,45,3,3,9,74,26.1,0.05,39,1.19,True,late
INV-11990,CL-1039,Consulting,48800.0,45,0,25,4,84,38.9,0.167,39,1.22,True,very_late
INV-11991,CL-1040,Photography,77300.0,15,6,20,12,23,23.9,0.05,39,1.61,True,very_late
INV-11992,CL-1041,Copywriting,500000.0,30,6,11,2,5,45.7,0.167,39,2.72,True,late
INV-11993,CL-1042,Design,139400.0,15,5,6,2,71,34.7,0.167,39,1.09,True,very_late
INV-11994,CL-1043,Development,165100.0,15,0,4,9,38,18.1,0.05,39,1.21,True,late
INV-11995,CL-1044,Marketing,313700.0,45,1,14,11,0,46.2,0.167,39,1.96,True,late
INV-11996,CL-1045,Consulting,39900.0,15,4,26,5,84,17.3,0.05,39,0.55,True,very_late
INV-11997,CL-1046,Photography,12000.0,15,4,16,12,40,63.5,0.833,39,0.5,True,very_late
INV-11998,CL-1047,Copywriting,58200.0,30,4,18,9,26,17.9,0.05,39,0.48,True,on_time
INV-11999,CL-1048,Design,112100.0,45,6,2,4,4,22.9,0.05,39,0.48,True,on_time
INV-12000,CL-1049,Development,500000.0,30,6,27,4,17,19.1,0.05,39,1.43,True,on_time
